competitor,app_id,review_id,author,rating,content,thumbs_up,app_version,review_date,sentiment,sentiment_score,rating_sentiment
Krisha.kz,kz.krisha,9c103a2c-59f5-434f-9509-9180e5b55187,Dastan Shahiyev,1,не открывается баг какой-то,1,26.4.13,2026-04-20,NEGATIVE,0.6728,NEGATIVE
Krisha.kz,kz.krisha,98cbe6e1-c4f5-4a8e-af97-c98a5f24b30b,Alex Black,2,"После обновления выкинуло из личного профиля. Соответственно не вижу избранное, зайти в личный профиль тоже не получается. Теперь, чтобы войти в личный профиль что нужно вводить?! Почему не написано вход по email или номеру телефона? Горе-разработчики. Сделаете всё по уму верну 5 звёзд.",0,23.6.15,2026-04-19,NEGATIVE,0.7118,NEGATIVE
Krisha.kz,kz.krisha,1ddbac90-8280-4bda-a161-3e22c93fe757,Redmi Samsung,5,класс,0,,2026-04-18,POSITIVE,0.4262,POSITIVE
Krisha.kz,kz.krisha,4dcf7411-8b9b-484d-be1f-65efe79a5378,Ashimov01Alibek,5,жақсы қосымша,0,25.10.32,2026-04-18,POSITIVE,0.4658,POSITIVE
Krisha.kz,kz.krisha,906c6c97-7cf7-4127-96eb-8265e5f1cd4a,Лаура Салихова,1,Зачем вы удаляйте все фото при подачи объявления если одно из них по вашему не подходит.,0,26.4.13,2026-04-17,NEGATIVE,0.4837,NEGATIVE
Krisha.kz,kz.krisha,6194ad65-5343-4c0b-8694-fba49666b1cd,Дана Мурзагалиева,4,Как в приложении можно сделать фильтр по площади кухни? Раньше вроде что-то такое было..,0,26.4.13,2026-04-16,NEGATIVE,0.2763,POSITIVE
Krisha.kz,kz.krisha,34aca83d-504c-4268-bc07-0aab22f2e354,Максим Чирков,2,Очень часто не открывается. Телефон мощный VIVO X200FE. Раньше тоже было открывал через Gogle Play. Сейчас и этот способ не работает.,0,26.4.13,2026-04-15,NEGATIVE,0.4229,NEGATIVE
Krisha.kz,kz.krisha,bfb88cf2-dc90-4f0a-9a73-9f70a9e307f6,Krammer _,2,"Ребята остались на уровне столба с объявлениями несмотря на солидного владельца. Зачем вы предлагаете сервис по подбору арендных квартир с якобы проведенной проверкой, если вы не можете изменить сроки аренды и предлагаете связаться с хозяином самому, ну и квартира не соответствует якобы проведенной проверке. Позор, блин.",1,26.4.13,2026-04-13,NEGATIVE,0.4876,NEGATIVE
Krisha.kz,kz.krisha,0f096a1a-d637-430d-851e-674e4250e594,Viktor (Geldor),2,"обратная связь совсем не работает? Сколько уже отправлял о неправильном указании адреса, никакой реакции,. Поставили объявление и указали на наш дом.!",1,26.4.13,2026-04-11,NEGATIVE,0.7979,NEGATIVE
Krisha.kz,kz.krisha,3e030010-4edf-4865-8c9a-e753fb9a027d,Алик Малик,1,"бәрі платный ,Каждый раз қою да платный ,алып тастай береді обьявлениеден",0,,2026-04-11,NEGATIVE,0.5351,NEGATIVE
Krisha.kz,kz.krisha,572b4d58-4057-451a-9056-85fbc44590c1,Гульнара Саитова,1,Почему то вапше не открывается ваше сайт. Что делать? удалить???..,0,26.4.13,2026-04-10,NEGATIVE,0.7547,NEGATIVE
Krisha.kz,kz.krisha,0d9a3500-82e2-4b9e-9621-96fc9a7b7a19,Sultanali Muksun,5,купил с этого предложения 10 домов,0,,2026-04-08,NEGATIVE,0.3533,POSITIVE
Krisha.kz,kz.krisha,9422a102-afdd-4ab6-83f2-43d9a86df1a0,Human Adk,1,Всё сделал как вы написали но изменений нет приложение не работает,0,26.3.12,2026-04-08,NEGATIVE,0.4977,NEGATIVE
Krisha.kz,kz.krisha,c8c7c112-9359-46aa-a814-ee415788e6e2,Адал Жақсы,3,"Онша емес, көмегі шамалы",0,26.3.12,2026-04-07,NEUTRAL,0.4189,NEUTRAL
Krisha.kz,kz.krisha,f0433f91-da11-430a-a85f-e8d6d2897331,Pavel Voroshilov,1,"Реклама в фотографиях и списке объявлений. В веб версии нет фильтров по состоянию квартиры и нельзя сохранять поиски. Риэлторы создают по 8 объявлений с одинаковыми фотографиями и эти объявления никто не удаляет, жалобы не помогают.",1,26.3.12,2026-04-04,NEGATIVE,0.5403,NEGATIVE
Krisha.kz,kz.krisha,e6210e8c-52e2-4d9d-99d1-a46e945236c1,Ellen Barkin,1,"Разместили объявление об аренде квартиры: цена ниже рынка, хорошая локация, хорошая квартира - за месяц ни одного звонка! Ни одного! Ресурс перестал быть работающим и теперь направлен только на выкачивание денег без результата!",2,26.3.12,2026-04-04,NEGATIVE,0.7189,NEGATIVE
Krisha.kz,kz.krisha,32eb00e0-d131-42b0-a090-e7264f3da0a2,Андрей Таран,3,"В приложение выходит сообщение обновить продолжение, а в плей маркете Выходит сообщение не возможно обновить приложение на вашем устройстве, обратитесь к разработчикам и приложение не работает",1,26.3.11,2026-04-03,NEGATIVE,0.7715,NEUTRAL
Krisha.kz,kz.krisha,337f4fd3-9740-42a8-94b4-52b12ef81669,Василиса Кайль,3,"не работает мой кабинет забыла пароль номер вожу смс жду СМС не приходит весь день мучаюсь, столько денег в бухала обидно",0,26.3.12,2026-04-03,NEGATIVE,0.8925,NEUTRAL
Krisha.kz,kz.krisha,17c74050-535f-4ccf-8476-610cb6256a50,Adil Kines,4,с 3 рада заходит в приложение перед этим стоит белый экран. разработчики исправьте.,0,26.3.12,2026-04-02,NEGATIVE,0.681,POSITIVE
Krisha.kz,kz.krisha,acf60ece-e1d4-4194-804b-e55f22daa5fc,думан игибаев,5,Күшті,0,26.3.11,2026-04-01,POSITIVE,0.3427,POSITIVE
Krisha.kz,kz.krisha,309f2373-7c81-4a52-8cbd-46bc54036b6e,Яна Алексеевна,5,"Добавьте, пожалуйста, фильтр ""свой санузел""",0,26.3.11,2026-03-25,NEGATIVE,0.2743,POSITIVE
Krisha.kz,kz.krisha,a6b8ff23-5295-4621-9d4c-c1290c3b14f1,Венера Утегенова,5,удобно,0,,2026-03-25,POSITIVE,0.4993,POSITIVE
Krisha.kz,kz.krisha,34202758-6231-4857-9bfc-59758520a6f9,Kairat,5,отлично 👍,0,26.1.3,2026-03-25,POSITIVE,0.5574,POSITIVE
Krisha.kz,kz.krisha,0c3789bc-91ce-4ec2-bc86-62233c3bec81,Qwee Qwww,2,"добрый день , почему пропала оплата через каспи?",0,26.3.11,2026-03-21,POSITIVE,0.2409,NEGATIVE
Krisha.kz,kz.krisha,a99e6c20-a0fb-4735-b208-5ea9f280bc90,vladibber8813 regeda,2,"бесконечные уведомления с рекламой статей, кредитов и т.д, которую можно отключить только платной подпиской",0,26.3.8,2026-03-19,NEGATIVE,0.26,NEGATIVE
Krisha.kz,kz.krisha,4e841a1b-64b7-4225-9d79-accb92063e49,DESMOD airboiltuyak,2,"невозможно оставить отзыв о квартире, да и вообще нет системы рейтинга арендадателей и помещений, из за этого квартиры висят годами, при этом будучи сдаными, либо доступными только через месяц, а то и больше. Зачастую фото уже не актуальные, но за этим никто не следит. Приложение не меняется к лучшему, хотя время идет, могли бы для начала скопировать опыт авито",3,26.3.9,2026-03-17,NEGATIVE,0.4707,NEGATIVE
Krisha.kz,kz.krisha,881e2281-0a09-4464-9496-35e8d720c524,Айжан Абишева,1,приложение не работает уже 3 день к сожалению приложение как не работало так и не работает,0,26.3.10,2026-03-17,NEGATIVE,0.9028,NEGATIVE
Krisha.kz,kz.krisha,00a367d1-0a53-4142-b8ef-f27b4aea413d,Дарын Мелден,1,дичь,0,,2026-03-16,NEUTRAL,0.2569,NEGATIVE
Krisha.kz,kz.krisha,0e6ed307-b680-4beb-9c61-9b0cc9b2caa8,Ranagul Ilieva,1,"тупая и не понятная система онлайн бронирование! будьте осторожны, могут списать или удержать с вашей карты и не возвратят всю сумму! не привязывайте карту!!!",0,,2026-03-15,NEGATIVE,0.6427,NEGATIVE
Krisha.kz,kz.krisha,598c02ee-5e5d-4fbf-ba19-5ad028ecc21e,Кайрат Калдыбаев,5,Спасибо.,0,25.7.18,2026-03-15,POSITIVE,0.5263,POSITIVE
Krisha.kz,kz.krisha,14654d19-b477-4392-9199-bf6f2e60671c,Sadie Adler,1,Нормально,0,,2026-03-14,NEGATIVE,0.3663,NEGATIVE
Krisha.kz,kz.krisha,a692b82b-fada-429b-80ab-f9828d635827,designfromqz,1,"Почему в приложении нет поставить возможности без депозита, ведь депозит это могут требовать только коммерческие структуры что не совсем законно в законодательстве РК. Пропускать модератором подобные объявления является нарушением а именно соучастием в группе лиц посредством каких то лиц исполняющих и т.д.",1,26.3.9,2026-03-14,NEGATIVE,0.537,NEGATIVE
Krisha.kz,kz.krisha,b2179d4b-35e0-41f2-81c4-59f46e198a6b,Rakhim Umarbekov,1,каждое движение платное,0,26.3.8,2026-03-12,POSITIVE,0.2824,NEGATIVE
Krisha.kz,kz.krisha,d87967f1-2a88-4907-853a-ed1e959b22e4,Павел Палкин,3,18 обьявлении одной и той же квартиры это тока в одном дворе и таких обьявлении одних и тех же квартир много,0,,2026-03-07,NEGATIVE,0.5424,NEUTRAL
Krisha.kz,kz.krisha,4682698d-32db-41d3-a094-83073da05634,Musabai Sarbaev,5,керемет,0,26.2.5,2026-03-06,POSITIVE,0.2734,POSITIVE
Krisha.kz,kz.krisha,9a234276-315c-438c-bf20-d30379cf4f3e,working box,1,1) добавить возможность аренда с последующим выкупом. 2) добавить возможность публикации видео,0,26.3.8,2026-03-06,NEGATIVE,0.2644,NEGATIVE
Krisha.kz,kz.krisha,183f9ef9-1cf7-4284-850c-c8598ff702ef,Александр,1,не открывается,0,26.2.7,2026-03-02,NEGATIVE,0.6529,NEGATIVE
Krisha.kz,kz.krisha,ef143fff-8c32-404f-b119-61fc71d0049e,Еркин Боранбаев,3,"В приложении есть комментарий жалобы рейтинги про арендаторов почему не могу узнать рейтинги жалобу написать есть такое ,,,,пора наверное качество функции добавить рейтинги",0,26.2.7,2026-03-01,NEGATIVE,0.2755,NEUTRAL
Krisha.kz,kz.krisha,a48a7a62-c17c-460e-9453-602a6339a33a,Бакытжамал Мухамбеткалиева,5,Го мвы к 7эт жан х х мне кажется что я не знаю что тебе с сднем рождение про это ты говорил что я не знаю что тебе делать то я буду тебя любить меня очень люблю и очень хочу чтобы я не могу тебя простить я люблю очень много всего тебя видеть это всё равно ты же моя самая самая любимая женщина должна была знать тебя в какой ты настроении я буду жить и общаться со всеми другими своими руками я тебе что-то хочу сказать не могу и не хочу чтобы ты меня не любишь меня и я не буду любить себя так и ест,0,,2026-02-28,POSITIVE,0.6623,POSITIVE
Krisha.kz,kz.krisha,76c67df0-9e82-4aea-9127-683ee254193e,Vinster Onerle,1,как искать в ЖК продажи кладовые помещения? такого раздела отсутствует? или я плохо ищу?,0,26.2.7,2026-02-28,NEGATIVE,0.4234,NEGATIVE
Krisha.kz,kz.krisha,258a8fe9-bb47-4100-812c-cf841c69970f,Atyrau Kazahstan,5,10 из 10,0,,2026-02-27,POSITIVE,0.9026,POSITIVE
Krisha.kz,kz.krisha,5c438205-ece1-42ff-8b68-47011e5710d0,ilyas Jurunov,1,"Почему у вас нет темной темы???? И сделайте в фильтре, чтобы можно было выбирать именно количество спальни. потому что часто бывает так: ищешь именно чтобы было 3 спальни. делаешь в фильтре 3-х комнатные квартиры, а там зал совмещенный с кухней выдают как за еще одну комнату, а для нас она считается как 2-х комнатная. и невозможно их отсеять, приходится даже в фильтре 4-х ком. делать. ну это же неудобно",2,26.2.7,2026-02-27,NEGATIVE,0.4001,NEGATIVE
Krisha.kz,kz.krisha,921eef4a-aada-4ee2-a542-5a78a0d7aa9d,Бакерке Акадил,5,imba,0,26.2.7,2026-02-25,NEUTRAL,0.2716,POSITIVE
Krisha.kz,kz.krisha,de20d669-8668-497d-814d-0d7db1249509,Свободный Спартанец,1,"очень дорого стоит подать обьяаление 730 тенге в неделю , раньше было 90.",0,26.2.6,2026-02-23,POSITIVE,0.6783,NEGATIVE
Krisha.kz,kz.krisha,c590d698-4073-4f8c-ba2f-139aef49f3c9,google user,4,неге көк қара тема қоспайсыңдар яндекс карта секілді. Еріне бересіңдер Крыша мен Колесаны біріктіре салыңдаршы. Dunie.kz деп қойсаңдар болады,0,,2026-02-22,NEGATIVE,0.263,POSITIVE
Krisha.kz,kz.krisha,2345a616-9e02-497d-a4fe-f496d18291ec,Ерсултан Байжанов,5,отлично👍👍,0,26.2.6,2026-02-19,POSITIVE,0.3086,POSITIVE
Krisha.kz,kz.krisha,71233faf-4780-434b-afd2-60dead32008a,Арман Токсанбай,5,Отлично,0,,2026-02-16,POSITIVE,0.4666,POSITIVE
Krisha.kz,kz.krisha,89413d48-bae9-48e8-9e96-9e903f95287c,Abdulla,1,сделайте наконец возможность блокировки мошеннических и нежелателтных объявлений прямо в приложении! почему я их должен бесконца просматривать? модерация отвратительная. давно крыша превратилась в рассадник мошенников и неадекватов,0,26.2.4,2026-02-15,NEGATIVE,0.576,NEGATIVE
Krisha.kz,kz.krisha,e92ca727-de7a-45aa-a860-1fb5fb26809a,ALMAT KALIASKAROV,1,ПОЧЕМУ ПЕРЕСТАЛО СМС ПРИХОДИТЬ??? КОГДА КТО ТА ПИШЕТ. ЗАХОДИШЬ ТОЛЬКО ТОГДА ПРИХОДИТ. ИСПРАВЬТЕ ПОЖАЛУЙСТА!,0,26.2.5,2026-02-13,NEGATIVE,0.6023,NEGATIVE
Krisha.kz,kz.krisha,da1ec6e3-c7fc-43c2-a2af-399693da6bc8,Bahodir Ergeshev,5,👍,0,,2026-02-13,POSITIVE,0.3086,POSITIVE
Krisha.kz,kz.krisha,aa639bb9-7825-467f-8b18-fc5d94b44caf,Erbolat,2,"Всё время требуется вход через пароль в кабинет, хотя выхода с кабинета небыло. Набрав указывает что неверный пароль. Приходится восстанавливать.. и так всё время последние дни",3,26.2.5,2026-02-12,NEGATIVE,0.2945,NEGATIVE
Krisha.kz,kz.krisha,acbb183a-ae40-41e6-a556-ddd5649903e8,Ерсултан Нусипкожа,4,"В целом приложение радует, но добавьте пожалуйста темную тему в настройки. Ночью очень тяжело смотреть в яркий белый экран.",0,,2026-02-10,NEUTRAL,0.5183,POSITIVE
Krisha.kz,kz.krisha,d8c33823-9930-4c06-87a4-f9a66ac89b4f,Радмир,3,"Приложение нужное, но почему-то убрали площадь кухни в фильтрах?",0,26.2.4,2026-02-09,NEUTRAL,0.4795,NEUTRAL
Krisha.kz,kz.krisha,5e8675b0-5aa2-454a-9503-1ef7e08188f8,Кайрат,1,байланыс нашар,0,26.1.3,2026-02-09,NEGATIVE,0.4227,NEGATIVE
Krisha.kz,kz.krisha,e0bc1b46-e226-48d0-beda-a35505fc08fe,user Name,2,"Филтьтрда дым жоқ, интернет бар немесе жоқ екенін көрсету мүмкіндігін қоссаңыздар сосын депозит мөлшерін таңдау мүмкіндігін, мысалы кейбір адамдарға 40 мыңнан жоғары керек емес, әр хабарландыруды ашып, оны оқып отыру өте ыңғайсыз, уақыт алады",0,26.2.4,2026-02-09,NEGATIVE,0.2656,NEGATIVE
Krisha.kz,kz.krisha,86d9f8ec-cac0-46c9-8094-2fa7cab25204,Гулия,5,Отлично. Спасибо.,0,26.2.4,2026-02-09,POSITIVE,0.637,POSITIVE
Krisha.kz,kz.krisha,f04ceab0-15c1-45a8-9d71-efdaf7cc33a7,Жанболат,5,отлично,0,26.1.3,2026-02-09,POSITIVE,0.4666,POSITIVE
Krisha.kz,kz.krisha,3596eedb-ecf8-4956-9558-c7d7551dbe45,Almabek Mukhammed,1,я не мог искать невидимость кафе или столовая и фастфуд,0,26.1.2,2026-02-09,NEGATIVE,0.286,NEGATIVE
Krisha.kz,kz.krisha,31111a87-9421-402c-b0b5-3474e3fdb05c,Applecity Kz,1,"не открывается приложение... удаление, переустановка не помогли",0,26.1.3,2026-02-08,NEGATIVE,0.7508,NEGATIVE
Krisha.kz,kz.krisha,e83f4c43-f88e-4f8a-8d88-510a32e74829,Saya Berik,5,отлично спасибо большое,0,,2026-02-03,POSITIVE,0.6509,POSITIVE
Krisha.kz,kz.krisha,88eb12af-bd26-47e5-bd38-c31b668526c3,Фархат Альтаир,5,класс удобно,0,25.4.12,2026-02-01,POSITIVE,0.4862,POSITIVE
Krisha.kz,kz.krisha,c88c2ea1-d1d4-4f68-902e-6622d52902df,87081817880 Сериков,1,почему крыша блокирует звонки и смс?,0,26.1.2,2026-01-29,NEGATIVE,0.3549,NEGATIVE
Krisha.kz,kz.krisha,e62c83bb-5eba-4d17-a337-9dbacc8030b6,Светлана Жапалахова,5,👍👍👍👍👍👍👍👍👍,0,25.9.28,2026-01-29,POSITIVE,0.3086,POSITIVE
Krisha.kz,kz.krisha,d57b4f69-657f-4aef-b14d-06b9d090b5d1,reckless toxer,1,"Не работает оценка жилья — чините. Ни обновление, ни очистка кэша, ни перезагрузка устройства не помогают. Это чтобы вы не могли дать отписку для оправдания своей криворукости.",0,26.1.3,2026-01-27,NEGATIVE,0.7974,NEGATIVE
Krisha.kz,kz.krisha,cfaa15d2-9ff7-4dad-9565-627d13c52d1c,Фарида,5,очень удобро,0,,2026-01-26,POSITIVE,0.6606,POSITIVE
Krisha.kz,kz.krisha,98614016-bcc7-4625-90be-d9465f0082a9,Kazumi Aruya,4,"Приложение хорошее и вполне удобное, но почему-то в последние дни не дает отправить ссылку на квартиру, вроде прогружается затем тёмный экран, и заходите приложение по новой. Пробовала обновить, выйти и зайти из аккаунта не помогло",2,26.1.2,2026-01-24,NEGATIVE,0.4558,POSITIVE
Krisha.kz,kz.krisha,1aff5be8-ec3f-4ada-a2e8-be5b35581363,Анастасия Морозова,2,"Последнее обновление заметно лишь тем что приложение не грузится, выдает белый экран.",0,25.11.33,2026-01-23,NEGATIVE,0.3297,NEGATIVE
Krisha.kz,kz.krisha,4bb3c0a4-191e-4741-8fa3-1b3fb8e00857,Ақләш Әбдісәмет,2,"1. Необходимо, чтобы критерий поиска сохранились; 2. Необходимо сделать отдельную рубрику ""Обмен"", ведь многие ищут обмен; Обмен имеется, но он указан ""внутри""; 4. Еще необходимо, чтобы приложение показывало, что уже просмотрено.",6,26.1.1,2026-01-22,NEUTRAL,0.2945,NEGATIVE
Krisha.kz,kz.krisha,4f2994e5-2961-4398-b103-f0a62bd09682,Кайржан Кожахметова,5,есть ли возможность ввести в приложении функции по ремонту. допустим что бы специалисты которые занимаются ремонтом квартир выставляли свои услуги с подтверждением выполненных раннее работ. в связи с тем что сейчас квартиры в основном черновой или предчистовой отделкой. и всегда покупатели в поиске как выполнить ремонт,18,26.1.2,2026-01-22,NEUTRAL,0.3285,POSITIVE
Krisha.kz,kz.krisha,b471da40-c470-41c1-ab25-173ee8373fc5,Нурсулу Жарылгапова,5,самое нужное приложение,0,26.1.2,2026-01-22,POSITIVE,0.6455,POSITIVE
Krisha.kz,kz.krisha,7268bd14-c7da-45ea-a6d3-b9674ad8b384,N.,5,лично у меня не возникло проблем с пользование,0,26.1.2,2026-01-22,POSITIVE,0.4176,POSITIVE
Krisha.kz,kz.krisha,09f2c4e9-1ecc-471f-93c6-6762e73ab5be,qazwsx Qaz,3,"Почему-то на карте отображается только кружки с числами квартир, но нет больше ничего, все остальное это просто белое поле?",0,26.1.2,2026-01-21,NEGATIVE,0.4648,NEUTRAL
Krisha.kz,kz.krisha,c980b37a-6789-4689-9dea-5384b7846b8b,Zaur Z,1,чтобы новые объявления увидеть надо платить! call,1,25.12.39,2026-01-21,NEGATIVE,0.3113,NEGATIVE
Krisha.kz,kz.krisha,66c82dcb-1873-4778-95fc-3d83b6747582,djagerjak 111,1,"худшая помойка. ""фототразмыто"", не то количество пикселей"" ""заплатите за это, за то"" никому не советую",1,,2026-01-21,POSITIVE,0.4094,NEGATIVE
Krisha.kz,kz.krisha,56345c98-6809-415a-b828-19911e9ca5e1,Роман Батраков,4,"Уважаемые разработчики, сделайте, пожалуйста, для комнат с поселением и комнат в общежитиях разные разделы. Допустим, я ищу комнату в общежитии и меня не интересует подселение, но поиск среди тысяч объявлений, смешанных в кучу, занимает очень много времени. А в целом приложение отличное. спасибо!",2,26.1.2,2026-01-20,POSITIVE,0.5246,POSITIVE
Krisha.kz,kz.krisha,f94cd67c-3a87-48bc-9976-f14d4d767caf,М,1,беспонтовое приложения даже первый раз размешать платно,0,26.1.2,2026-01-20,NEGATIVE,0.3923,NEGATIVE
Krisha.kz,kz.krisha,67919b6f-b826-4856-b676-25a56bd41600,Medet Erkebaev,1,"после обновления невозможно зайти в приложения,зависает!",0,26.1.1,2026-01-16,NEGATIVE,0.3359,NEGATIVE
Krisha.kz,kz.krisha,6586306a-51bd-4d82-b42e-a30308965d60,Serik Abu,1,как всегда обнавление,0,,2026-01-16,POSITIVE,0.6771,NEGATIVE
Krisha.kz,kz.krisha,b3354e30-063b-4c61-8fb2-4fc9f034af8d,Sasha_05 Ziga,1,поставила бы 0 звёзд но увы нельзя 2 раза хотела снять квартиру и 2 раза мошенники. Как пропускают таких людей на платформу? где безопасность?,1,,2026-01-13,NEGATIVE,0.9594,NEGATIVE
Krisha.kz,kz.krisha,3702af46-e585-4c94-b9d0-2e0895a9f6bf,sww,1,"нельзя выбрать город и район, вообще не удобно",0,,2026-01-13,NEGATIVE,0.4722,NEGATIVE
Krisha.kz,kz.krisha,1aa277ea-fa2a-41a1-a069-ee24937da3f4,Самат Самат,2,"Здравствуйте! Столкнулся с технической проблемой в работе приложения Krisha.kz на новом устройстве. При запуске отображается только белый экран, приложение не реагирует на действия. При этом прямые ссылки на объявления из мессенджеров открываются корректно. ​Данные о моем устройстве: ​Модель: vivo X200 FE (V2503) ​Процессор: MediaTek Dimensity 9300+ ​ОС: OriginOS 6 (Android 16) ​Версия ПО: PD2465CF_EX_A_16.1.9.15.W20 ​Версия Android System WebView: 143.0.7499.146",5,25.12.39,2026-01-10,POSITIVE,0.3122,NEGATIVE
Krisha.kz,kz.krisha,63344465-34df-4539-9e7b-15640a5b8aa9,Фатима,5,удобное приложение,0,23.12.31,2026-01-10,POSITIVE,0.5229,POSITIVE
Krisha.kz,kz.krisha,baddf9dc-62d2-4b0c-bc85-49f6ec6b695e,Пользователь Google,1,не открывается приложение! После нового года,0,25.12.39,2026-01-09,NEGATIVE,0.7321,NEGATIVE
Krisha.kz,kz.krisha,868f6641-74cd-45d2-943c-58e38b694e65,Денис Кулинич,5,Сделайте сортировку объявлений по дому. Было бы удобно. А так приложение хорошее. Сортировка объявлений по дому была бы кдобна.,0,23.11.28,2026-01-09,NEUTRAL,0.4479,POSITIVE
Krisha.kz,kz.krisha,7ae5b5ab-49d1-444a-a304-5acc81e5c616,Данияр Самаков,1,после последнего обновления не запускается. ещё бы войти в приложение чтобы отправить вашей службе поддержки запрос,0,25.12.39,2026-01-08,NEGATIVE,0.6427,NEGATIVE
Krisha.kz,kz.krisha,1a415aa9-75d4-40ac-be95-56d139e7c03f,Салтанат Сагимбаева,2,"каждый раз повышают стоимость на выгрузку рекламы, а вот информацию о жилых комплексах на сайте не обновляют с 2020 года, потом удаляют рекламу, якобы неверный год постройки",0,25.12.39,2026-01-04,NEGATIVE,0.6027,NEGATIVE
Krisha.kz,kz.krisha,15993fc0-096c-41f5-8435-9c36198a9db5,Баур 001,5,супер,0,25.12.38,2026-01-03,POSITIVE,0.3735,POSITIVE
Krisha.kz,kz.krisha,8cfd4fe3-7209-4a17-af9b-3255fa8bf2b2,Тамерлан Амангелдиев,5,отлично,0,,2026-01-01,POSITIVE,0.4666,POSITIVE
Krisha.kz,kz.krisha,31fd7b12-b362-47bc-9c4e-9ffd09831e0b,aikossy Kossymbek,5,"Спасибо платформе krisha.kz за возможность честно зарабатывать, развиваться и обеспечивать свою жизнь. Благодаря вам я нахожу клиентов, заключаю сделки и уверенно двигаюсь вперёд. Krisha.kz — это не просто сайт недвижимости, это реальный инструмент, который даёт стабильность, надежду и рост. Благодарю за удобство, доверие людей и возможность работать с результатом. Пусть ваш проект процветает, расширяется и помогает ещё тысячам людей зарабатывать и находить свой дом.",0,25.11.36,2025-12-30,POSITIVE,0.7672,POSITIVE
Krisha.kz,kz.krisha,f3675bc7-9d66-42e9-9928-c74bc65bfa1b,Евгений,1,"эти дикие и безграмотные модераторы блокируют фото с видеорегистратора, называя его коллажом и рекламой. где вы таких только набираете?!? и это человеку который платит каждую неделю за продвижение!!!!!",0,25.12.39,2025-12-29,NEGATIVE,0.8246,NEGATIVE
Krisha.kz,kz.krisha,cf8ebee5-c9dd-4282-b28a-45e17811bfed,Евгений Дудаков,1,"2 года не могу продать дом, плачу им дохрена денег за продвижение. хотел сегодня добавить фото с системы видеонаблюдения, так эти дикие модераторы его заблокировали, написав кучу причин, которые ко мне не применимы!!! Если это станет кто-то из адекватных - объясните своим примитивным дикарям что такое видеорегистратор. ушлепки блин",1,25.12.38,2025-12-29,NEGATIVE,0.7543,NEGATIVE
Krisha.kz,kz.krisha,5cd169db-efd0-4d7b-bdae-aa787617da88,Margo Rum,1,вы только думаете о деньгах самое худшее приложение в Казахстане каждая услуга о деньгах,0,25.12.39,2025-12-25,POSITIVE,0.7268,NEGATIVE
Krisha.kz,kz.krisha,dd2d0307-7e44-4bd4-912c-b86256c86b87,Ильфат Баянов,4,"здравствуйте, сделайте услуги ремонта квартир , чтоб люди не искали рабочую силу",1,25.12.38,2025-12-23,POSITIVE,0.4869,POSITIVE
Krisha.kz,kz.krisha,7e9987a7-c797-4135-b3b9-fbf158074bba,Николай Вердиев,2,"В приложении не все дома отмечаются на карте. лучше смотреть через пк на сайте. Ответ разработчикам. Смотрю в притык ближе некуда, ну нет объявления на этом доме, захожу на сайт оно есть. и так уже примерно два года, в приложении нет объявления, захожу на сайт тоже через телефон оно есть",0,23.2.6,2025-12-21,NEGATIVE,0.5231,NEGATIVE
Krisha.kz,kz.krisha,acb76b60-12c0-480b-bdd6-790a863c5528,Ильсур Хасбиулин,1,на трёх разных телефонах в приложении фото в объявлении не открывается.,0,25.12.38,2025-12-21,NEGATIVE,0.4602,NEGATIVE
Krisha.kz,kz.krisha,382282f8-e00b-4adb-bb49-1c38f4291611,Бауыржан Кочербаев,5,спасибо включите на главный экран,0,,2025-12-19,NEGATIVE,0.4577,POSITIVE
Krisha.kz,kz.krisha,716318cc-d102-41bf-a9c9-6d5e7d890752,Darabek Aldashev,3,"можете добавить в фильтр поиска высоту потолков допустим 2.5 2.6 2.7 итд, и ещё цену за квадратный метр, допустим я ищу квартиру с 3 метровыми потолками которая не превышает 450 тыс за кв метр",2,25.12.38,2025-12-18,NEUTRAL,0.2701,NEUTRAL
Krisha.kz,kz.krisha,a5a1ad96-af50-46e6-bc65-eec791e68b9b,Arthur Degenaev,2,"добавьте уже функцию только для парней и только для девушек. я неделями ищу квартиру и в 99% случаев вижу: парням не сдаю, только девочки, ищу девочек, 1-2 девочкам. мы что не люди что ли?",0,25.12.38,2025-12-16,NEGATIVE,0.6532,NEGATIVE
Krisha.kz,kz.krisha,cc5f19b9-ad20-4136-bf0b-10ee8ca1fe9f,7777 7777,1,"Самая дорогая оплата за рекламу отправить в ТОП пакеты рекламы раньше стоили по 340 тг сейчас в 3 и 4 раза дороже, более того реклама не эффективная ни чего не продаётся через сайт КРЫША и нет звонков. Нет поиска обвести место по карте вылазиют совершенно не нужные районы в поиске нет всех улиц не удобно найти квартиру так как риелторы меняют место положение год и иные характеристики бардак на сайте крыша. 0 звезд бесполезно ни продать ни купить.",13,25.12.38,2025-12-15,NEGATIVE,0.9741,NEGATIVE
Krisha.kz,kz.krisha,8c5b78ab-dfa0-453c-a3cd-34c1db8fa151,oraz isabekov,5,"Сделайте пожалуйста фильтр ""площадь кухни""",0,2.5.23,2025-12-14,NEUTRAL,0.2987,POSITIVE
Krisha.kz,kz.krisha,8d4cc579-c3ab-4673-be53-2ed62429ea39,SEVIL' SEVIL' 888,2,"Здравствуйте. Простите, но у Вас цены заоблачные на публ.обьявлений. Понимаю, когда сдают и продают бизнес люди, но когда от безысходности продаёшь кв, когда и так на мели, тут такие цифры в лоб, пока продашь в приложении, можно без штанов остаться, и смысл продавать в этом прил. И, ещё разделите вкладку ""СРОЧНО, ТОРГ"" (к примеру надо срочно продать, но без торга). Люди видят ""ТОРГ""и пишут, что стоит ""ТОРГ"", а торга нет и так дёшево. ДОРОГО У ВАС ПУБЛИКОВАТЬ ОБЬЯВЛЕНИЯ",8,25.12.37,2025-12-14,NEUTRAL,0.2926,NEGATIVE
Krisha.kz,kz.krisha,7c48184e-f67c-4b1a-b9fb-ebafe2b96f4b,Рустем Ашимов,5,хороший сайт,0,,2025-12-09,POSITIVE,0.5907,POSITIVE
Krisha.kz,kz.krisha,749d10de-9e3f-44b0-823f-eae7caf15ed7,Жаник Дэ,5,пожелание .можно добавить слова исключения. например чтобы туда ДДУ писать или что то другое,0,25.11.36,2025-12-09,NEUTRAL,0.2853,POSITIVE
Krisha.kz,kz.krisha,6a8293f9-dc95-40f5-9162-aebff7b08ed6,Жанара Букановна,1,"Практически не загружает приложение, почему???",0,,2025-12-08,NEGATIVE,0.5157,NEGATIVE
Krisha.kz,kz.krisha,9ce5fdb9-66aa-4c31-a198-3309c9e86031,Мустафо Машрапов,5,классно,0,25.11.36,2025-12-08,NEUTRAL,0.3123,POSITIVE
Krisha.kz,kz.krisha,98741097-00ed-4093-b30c-134257804939,Talgat Mukhanov,3,"1. До сих пор нет привязки адресов к ЖК. Кто-то выставляет объявление без названия ЖК, их потом тяжёло найти. 2. Сделайте просмотр фотографий как в галереи, то есть, чтобы можно было вернуться легко ко 2-й фотке, если их там 30-40 и более, зачем мучить постоянным листанием?! 3. Добавьте требования, что прикрепление планировки является обязательным. 4. Пора задуматься о что-то таком: наподобие аукциона. Скажем у покупателя есть определенная сумма, какие продавцы готовы опустить до этой цены.",6,25.11.36,2025-12-08,NEGATIVE,0.326,NEUTRAL
Krisha.kz,kz.krisha,77648abc-0671-497d-8b79-6c3e2ec56785,No Name,4,Добавьте больше возможностей в фильт поисковика,0,25.10.32,2025-12-07,NEUTRAL,0.2808,POSITIVE
Krisha.kz,kz.krisha,ee1dbdb9-beca-4c65-a568-1add03a42397,Арсен Бакыт,5,Как найти функцию кладовки,0,25.11.36,2025-12-06,POSITIVE,0.3915,POSITIVE
Krisha.kz,kz.krisha,44dc3902-8c2f-418f-a34c-349e000eb361,Ерл,1,вы такие гадкие. ваша реклама самая дорогая и долгая,0,,2025-12-05,POSITIVE,0.7489,NEGATIVE
Krisha.kz,kz.krisha,71c52034-eedb-4f42-a40b-f4b992a3a9de,Azamat Kurmashev,5,"приложение отличное, видно даже насколько не адекватными могут быть продавцы, перекупы увлеклись последние месяцы, задрали цены, и отпугнули большинство реальных покупателей, то есть цена предложений значительно завышена в сравнении с возможностями спроса, и застройщикам советую не гнаться за сверх прибылью, а то окажетесь как та бабка в Золотой рыбке",58,25.11.36,2025-12-02,POSITIVE,0.4209,POSITIVE
Krisha.kz,kz.krisha,d19cb8e6-f846-4146-9d84-58425531d3dc,Natu,1,"Жмешь кабинет, а дальше непонятно вход это или регистрация, что нужно вводить догадайся сам называется, ни одной подсказки, нигде ничего не написано. В целом ваш сервис это хлеб мошенников, которые просят предоплату и кидают, не знаю введите видео подтверждение хозяина квартиры, либо проверку документов на имущество.",3,25.11.36,2025-12-02,NEGATIVE,0.7648,NEGATIVE
Krisha.kz,kz.krisha,1d4ca361-5978-46b9-8f0c-8cbafe7cfd95,Lunara Orashaeva,1,"Приложение не открывется, удалила, скачала всё равно не открывается, телефон оппо",0,25.11.36,2025-11-30,NEGATIVE,0.8274,NEGATIVE
Krisha.kz,kz.krisha,c357b282-44c9-4d96-9efc-99a65bb9bca3,Илья Сергеевич,1,при оплате зависло,0,25.11.35,2025-11-30,NEGATIVE,0.3546,NEGATIVE
Krisha.kz,kz.krisha,c700db4f-a7f3-4556-8703-47cd5d15c3af,Жанболат,1,проблема продать проблема нойдти квартир снять сдать купить ещё агенты всякие мешают везде,0,25.11.35,2025-11-30,NEGATIVE,0.6385,NEGATIVE
Krisha.kz,kz.krisha,7cdd2d54-bc2b-41ae-8c96-5e606a563749,Усен Ибрамов,5,супер,0,,2025-11-28,POSITIVE,0.3735,POSITIVE
Krisha.kz,kz.krisha,80ae857a-d426-49fd-aa55-0d7df614863b,Abai Hamdshukir,1,"Крыша вы добавьте функцию видео подтверждения квартиры. Много мошенников работает у вас. Платформа мусор. Репутацию теряете. Многие люди обманывались мошенникам. Это оказывается делается так, человек даже у которого нет квартиры, может скачать в интернете любую фотографию любой квартиры и добавляет в крышу. А у крыши нет функция подтверждение на проверку квартира реально ли или мошенники, они не проверяют действительно, реально ли есть эта квартира и сдаётся. Много сдающих фейк квартир.",0,25.11.35,2025-11-28,NEGATIVE,0.4797,NEGATIVE
Krisha.kz,kz.krisha,10d9e195-2fce-4ccb-9a8f-e2a8e4c95b69,Нурболат,1,Очень много фейковых объявлений. Мало реальных квартир. Берут картинки из зарубежных объявлений и выставляют как свою.,0,25.11.35,2025-11-28,NEGATIVE,0.3937,NEGATIVE
Krisha.kz,kz.krisha,0a65ee59-87ec-4fe3-80f5-48513fc2d789,Almas Shiganbaev,1,"Позор для крыша кз.Каждый второй ищет квартиры кто аренда кто покупка, но крыша не торопится даже фильтровать мошенников.Вроде найдешь лучший вариант потратив кучу времени звонишь то мошенник то риэлтор который оказывается поставил фото левые и готов за деньги скидывать левые квартиры не по твоим критериям. Вроде все привыкли к крыше лучше я думаю его нет но почему админы не запретят риэлторам так делать мошенникам также здесь лазить слов нет будто выгода есть им",0,25.11.35,2025-11-27,NEGATIVE,0.4866,NEGATIVE
Krisha.kz,kz.krisha,b9470eac-767c-48ff-ac91-e04b40431b79,Timur Nabishev,1,Денег много на рекламу?Прекратите,0,25.10.32,2025-11-26,NEGATIVE,0.5041,NEGATIVE
Krisha.kz,kz.krisha,6f9c8bd6-cd8a-4f69-b289-0ff84491ad89,Гульмира Жумадилова,5,"не могу скачать ,пишет не совместим с моим устройством,что делать",0,,2025-11-25,NEGATIVE,0.5367,POSITIVE
Krisha.kz,kz.krisha,4df825b9-336f-4107-ab9f-f275eeb78401,Qwer Asd,5,отлично.,0,25.11.34,2025-11-24,POSITIVE,0.4969,POSITIVE
Krisha.kz,kz.krisha,55b13bc4-3a9e-437b-917a-8d9202bd058d,Mobile Game,1,"Платформа удобная, но модерация непрозрачна. После оплаты объявление заблокировали без объяснений, ссылаясь на «сомнения» и конфиденциальность методов. Запросили документы, не предоставив правовой основы. Возврат средств возможен, но требует заявления и квитанции. Рекомендую быть осторожным: перед оплатой убедитесь, что готовы к возможной блокировке и бюрократии.",5,25.11.34,2025-11-23,NEGATIVE,0.4881,NEGATIVE
Krisha.kz,kz.krisha,17434014-39da-484e-8ee0-79860b488adc,Арман Арман,5,нормально,0,25.7.20,2025-11-22,NEGATIVE,0.3663,POSITIVE
Krisha.kz,kz.krisha,2663d688-d706-44a2-93b5-71b37725f5df,Алтынбек,5,Было бы хорошо если добавить пункт черновая отделка и чистовая.,0,25.11.34,2025-11-21,NEUTRAL,0.3977,POSITIVE
Krisha.kz,kz.krisha,15311eb9-43d0-4458-8f40-0b0727b2e96a,Михаил Карпов,5,отлично,0,25.11.34,2025-11-21,POSITIVE,0.4666,POSITIVE
Krisha.kz,kz.krisha,1127bc96-c86c-459c-90c8-0a1a4692de46,Мансур Максутов,1,плохая карта фиг чо найдёшь,0,,2025-11-20,NEGATIVE,0.4547,NEGATIVE
Krisha.kz,kz.krisha,2a031c70-4e77-48dd-9f37-73eb27ff7257,Dik Stan,1,"дорого, бойкот",0,25.7.20,2025-11-20,POSITIVE,0.2085,NEGATIVE
Krisha.kz,kz.krisha,7be48bf2-0c9d-4dde-8453-b6f922c759af,Aliya I,5,"Приложение замечательное! очень удобно смотреть квартиры, и круто посмотреть стоимость квартиры!!! Очень хорошее приложение!!! (⁠≧⁠▽⁠≦⁠)",0,25.11.33,2025-11-19,POSITIVE,0.8944,POSITIVE
Krisha.kz,kz.krisha,1a642c30-2765-4231-a161-66e5ca93ee21,Оркен Оразхан,1,қымбат,0,25.11.33,2025-11-19,POSITIVE,0.3481,NEGATIVE
Krisha.kz,kz.krisha,0eb334e1-821a-44e2-b61a-06d3b1db17b2,Жоха Султан,2,супер,0,,2025-11-18,POSITIVE,0.3735,NEGATIVE
Krisha.kz,kz.krisha,ea288065-b335-453d-9c4e-ef784b9e1acd,Olzhas,1,реклама очень дорогая,0,22.11.24,2025-11-18,POSITIVE,0.5306,NEGATIVE
Krisha.kz,kz.krisha,fad33de0-ea38-4625-b0cd-73f47f3fd9d2,Гульнара Ашимовна,5,Почему так долго грузится ?,1,23.2.5,2025-11-16,NEGATIVE,0.2752,POSITIVE
Krisha.kz,kz.krisha,6b22f8b0-ee1e-44bb-a5d0-90cbad186c1b,Сергей Малышев,1,плохо,0,25.10.32,2025-11-16,NEGATIVE,0.4013,NEGATIVE
Krisha.kz,kz.krisha,36649f43-9eef-48b7-aa50-e99adc05b382,Николай,5,"Сделайте возможность оставлять коментарии под объявлениями,может тогда люди поймут что прежде чем просить 120-150к за съём кв,нужно для начала выкинуть советские серванты столы ленолиум и т.д,боже просто позорище🤦‍♂️🤦‍♂️🤦‍♂️",0,25.10.32,2025-11-14,NEUTRAL,0.302,POSITIVE
Krisha.kz,kz.krisha,557da70e-eb54-47ab-8a3d-5496acfdd8aa,Dastan Dastan,1,"зависло приложение, сеть есть в самом приложений глючит",0,25.11.33,2025-11-13,NEGATIVE,0.4158,NEGATIVE
Krisha.kz,kz.krisha,5f855f34-e43a-43a7-9366-0c819265d92f,Camellia,4,"Здравствуйте! Я отправила в архив вчерашнее объявление, за которую я оплатила 250. У меня просят деньги за восстановление из архива. Вы серьёзно? Зачем я должна платить за объявление, если я уже оплатила? Можете вернуть деньги?",0,,2025-11-12,NEGATIVE,0.5365,POSITIVE
Krisha.kz,kz.krisha,6f53eda0-8290-447c-92af-f1422a15b9ef,Александра Пашутина,4,"очень неудобно стало ориентироваться по количеству квартир на карте. после внедрения этих прозрачных кружочков с количеством квартир значки на дома ""не садяться"" и раньше цветовое обозначение количества квартир в кружочках было удобнее, чем сейчас прозрачные",4,25.10.32,2025-11-11,NEGATIVE,0.4741,POSITIVE
Krisha.kz,kz.krisha,dc6871af-ef42-4e4e-a753-645775ab394f,Luna Ivakina,1,в приложении не работает блютуз интернет,0,25.7.20,2025-11-10,NEGATIVE,0.7282,NEGATIVE
Krisha.kz,kz.krisha,9e2f17ce-48d1-4bdd-bad7-aea158e1a85b,о го,2,"купила платное продвижение объявления и приходят сообщения от мошенников с Крыши, почему допускаете такие сообщения",0,25.10.32,2025-11-10,NEGATIVE,0.5187,NEGATIVE
Krisha.kz,kz.krisha,62d3c1ee-5aa7-44c0-a6c3-cbeb4ea4e025,Nurlan Sagimbekov,5,не открывается постоянно зависает почему крыша,0,25.10.32,2025-11-09,NEGATIVE,0.454,POSITIVE
Krisha.kz,kz.krisha,eedc230f-4087-4938-b60a-a30024f06c5e,Kudik Bilalov,1,очень плохое приложение так и не смог подать объявление очень строгий и долгий контроль и чуть что дай денег надеюсь в будущем найдется альтернатива,0,25.10.32,2025-11-08,NEGATIVE,0.6406,NEGATIVE
Krisha.kz,kz.krisha,eae0180c-f29f-40ff-8d15-bdbec642c20b,Samat Karabayev,5,По этой приложений несколько раз продали дом и купили. Хорошое приложение.,0,25.10.32,2025-11-06,POSITIVE,0.6827,POSITIVE
Krisha.kz,kz.krisha,3099517c-64dd-426d-986e-0f638d0d9677,****,5,введите пожалуйста в поиске в фильтре возможность выбора НАЛИЧИЕ ЛИФТА,0,25.10.32,2025-11-03,POSITIVE,0.2914,POSITIVE
Krisha.kz,kz.krisha,ce5b6776-bb78-44ca-8df4-8ef8e06ed160,Жандос Есенкелди,1,Үйдің бәрін риелторлар алып алган. үйдің иесімен байланысқа шығу мүмкін емес. Арендаға үй іздеген кезде,0,25.10.32,2025-11-03,NEGATIVE,0.3333,NEGATIVE
Krisha.kz,kz.krisha,852eb873-b7f7-4011-ae8c-3abe53098450,S P,3,"очень плохо работает модерация, левые объявления, неправильное расположение на карте, неправильные цены, ложные объявления.",0,25.10.32,2025-11-02,NEGATIVE,0.6464,NEUTRAL
Krisha.kz,kz.krisha,c785d0df-ca36-4f13-9ea0-c64a892b760c,Painter Master,4,"Не хватает инфо про лифта, виды лифта. И возможность загрузкий видео объекта. Кнопки ватсап/телеграм.",0,,2025-11-02,POSITIVE,0.3937,POSITIVE
Krisha.kz,kz.krisha,a6a829fa-592c-449a-b77b-648fca73412c,Алмас,1,"Я дал 1 ноября 2025 года платное объявление о сдаче в аренду 2 комнатной квартиры по адресу Шашкина 36,оплатил ,но объявление до сих пор почти сутки находится на проверке! Почему не ставите объявление или не возражаете деньги????",2,25.10.32,2025-11-02,NEGATIVE,0.6829,NEGATIVE
Krisha.kz,kz.krisha,4ede3c68-be04-4bbc-ba20-b755e6713ec5,Галия,5,супер,0,25.10.32,2025-11-02,POSITIVE,0.3735,POSITIVE
Krisha.kz,kz.krisha,6b188ad0-467f-4ef8-be2b-71338661e0e6,Жадыра Акжолова,1,не скачивается,0,,2025-10-30,NEGATIVE,0.4248,NEGATIVE
Krisha.kz,kz.krisha,2b4cf350-89a8-465c-ade0-1d20b4d3b83d,Viktoriya Yurassova,5,"Мне очень нравится это приложение, хорошие фильтры, удобный интерфейс, и не смотря что мне 12 лет я нашла нам с мамой квартиру, ну а дальше она сама как-нибуть) Сидела на крыше и все маниторила днями и ночами) Думаю в будущем стать риэлтором)",0,25.10.32,2025-10-29,POSITIVE,0.492,POSITIVE
Krisha.kz,kz.krisha,10b6ac3b-0fc8-43d4-b19a-0ffb6315b6b4,Fest,4,"Уважаемые разработчики, прошу прощения, но когда же Вы уже наконец добавите город Талдыкорган в оценку недвижимости ?!? было бы просто прекрасно, если бы Вы это сделали. Тогда сразу можно 5 звёзд ставить.",0,25.3.8,2025-10-28,POSITIVE,0.5025,POSITIVE
Krisha.kz,kz.krisha,66508482-1587-4650-a69f-430636c8ce8d,Ляйля Балабекова,4,"здравствуйте я не могу обновить приложение, как так у меня старый телефона, новый версия не подлежит к обновлению, можно оставить старый версию",0,24.12.42,2025-10-28,NEGATIVE,0.4461,POSITIVE
Krisha.kz,kz.krisha,25543417-b670-4b6b-a5df-39438249a35d,bacchus 075,1,на платформе много мошенников,0,25.10.32,2025-10-27,NEGATIVE,0.3694,NEGATIVE
Krisha.kz,kz.krisha,21933562-89e0-4eb3-8319-8360fc5fa230,Akedil Askarov,3,"все замечательно, можете сделать показать сначала цену по квадратуре?",0,,2025-10-27,POSITIVE,0.5675,NEUTRAL
Krisha.kz,kz.krisha,64493604-6212-491b-b3dd-3b7cb9f2d8ea,Святослав Смирнов,1,После последнего обновления стало хуже. Когда ищешь квартиру по карте то не показывает точно в каком доме квартиры которые продаются. Точность уже неправильная. Все объявления объеденяются в одной точке на карте и не поймешь в каком именно доме продается квартира. До обновления в этом плане было лучше,0,,2025-10-26,NEGATIVE,0.4742,NEGATIVE
Krisha.kz,kz.krisha,febb91f0-a5ee-488c-bbc7-75677a6b2958,Акжол Сагынбеков,1,не обновлённый старый функция,0,25.10.32,2025-10-24,NEGATIVE,0.3486,NEGATIVE
Krisha.kz,kz.krisha,ead6fd2a-f407-427b-b048-0b0f23da010c,Murojan Turdykulov,2,"Риэлторы оккупировали 60-70% объявлений (сужу по своим настройкам фильтров) и на них нет управы. От хозяев чень мало квартир! Например: Искал квартиру для аренды, мне ""специалисты""(компании), предлагают оплатить за услугу(комиссию). Какую я и сам не понял, но без оплаты, не видать этой квартиры с объявления. И это при том, что я сам сидел несколько дней или даже недель и мониторил квартиры. Какая в этом их заслуга, я не понимаю. Абсолютно такая же ситуация с квартирами на продажу.",7,25.10.32,2025-10-23,NEGATIVE,0.6746,NEGATIVE
Krisha.kz,kz.krisha,e25afb5f-0639-4c47-aabf-9ba68a16ec0b,Max Loginovsky,5,лучшее приложение для поиска недвижки,0,25.10.32,2025-10-23,POSITIVE,0.6259,POSITIVE
Krisha.kz,kz.krisha,86d637f2-75a0-4785-b511-b7e5ac9bbbc0,Beibit Orda,2,не смог зарегистрироваться.,0,25.10.31,2025-10-20,NEGATIVE,0.7021,NEGATIVE
Krisha.kz,kz.krisha,9cacc44c-e582-4e9a-97da-02ba285909e1,Диас,4,ы же ц вы@уфйф ь фффбо щ фщээжф ж эжжжжюжжэжк,0,25.10.32,2025-10-20,NEGATIVE,0.3544,POSITIVE
Krisha.kz,kz.krisha,dafdc1ca-caaa-4dbc-9dcf-a46072b1e76c,Арман Даулетбаев,1,"приложение которое захватили риелторы и посредники. приложение превратилось в дно. мало что хозяева квартир со своими тараканами, так ещё риелторам переплачивать с двух сторон. за что? благо есть другие приложения поиска квартир и группы в ватсаппе.",0,,2025-10-16,NEGATIVE,0.4933,NEGATIVE
Krisha.kz,kz.krisha,ba6bceb8-0561-42bb-9d1f-7dea3d9995ec,A. Turtkarina,1,После закачивания вашего приложения начинаются звонки от мошенников Постоянно звонят.,0,25.10.30,2025-10-14,NEGATIVE,0.4317,NEGATIVE
Krisha.kz,kz.krisha,8801d014-3a85-4f2d-8f48-e79e36c47170,Makenti Duisenov,4,всё нормально,0,25.9.28,2025-10-14,NEGATIVE,0.5111,POSITIVE
Krisha.kz,kz.krisha,0019649f-d1ac-4c6c-a24e-e6f55234081e,Алекс Z,1,"Надо было испаскудить приложение, добавив лишнее тыканье пальцем, чтоб попасть в ,, карту,,",0,25.10.31,2025-10-13,NEGATIVE,0.3482,NEGATIVE
Krisha.kz,kz.krisha,cde1cace-dab1-4bc3-a4f1-31f4277f7535,Нұржан Жұмабеков,4,кцука⁵кука 55авппукае7пу пкп2е⁵у34в5цнцунув5пц344евч6,0,24.8.22,2025-10-12,NEGATIVE,0.2773,POSITIVE
Krisha.kz,kz.krisha,99b179b6-4f7d-4282-a4ae-5ca1ca6aa1e9,Даурен Жумакулов,3,ңуцуфәццәцйәуу бар ёцәцуйәуәцційцй і ёцәццәәукйуёцәуәәцёёәуәуәәәәцәццәуәәай әйелі ңәкің,0,25.9.28,2025-10-12,NEGATIVE,0.2769,NEUTRAL
Krisha.kz,kz.krisha,0e96745b-491a-4b30-9a78-ed01b5dba409,Сабира Оспанова,5,"Быстро,и удобно",0,2.6.6,2025-10-10,POSITIVE,0.5491,POSITIVE
Krisha.kz,kz.krisha,8349f9aa-25f8-4e82-8ad1-0e4c8344b267,Багдат Алимбетов,5,іғүщ,0,23.5.13,2025-10-10,NEUTRAL,0.2486,POSITIVE
Krisha.kz,kz.krisha,5c14377d-993e-430f-850a-d6b9fb165065,Aliya Miki,2,"Приложение не открывает тупо грузит, пыталась зайти в службу поддержки, запросил номер телефон и разрешить, но при этом тупо грузится и не открывается",0,25.10.30,2025-10-09,NEGATIVE,0.7766,NEGATIVE
Krisha.kz,kz.krisha,18976689-7d17-4933-ad11-a9ff62364f5b,Зифа Анискина,1,не могу скачать почему не поддерживается на моем телефоне?,1,,2025-10-05,NEGATIVE,0.5772,NEGATIVE
Krisha.kz,kz.krisha,9ea7169c-942b-483b-bd1d-c32d0b39f550,richNhappy Happy,1,Нет поиска по критериям именно цены за квадратный метр,1,25.9.29,2025-10-05,NEGATIVE,0.2995,NEGATIVE
Krisha.kz,kz.krisha,fe75acf5-7595-423a-b351-de4f8ddbe5b9,Nurgisa,5,Неге клиентке звандағанан киен крыйша ашылмайды,0,25.9.29,2025-10-04,NEGATIVE,0.4912,POSITIVE
Krisha.kz,kz.krisha,161eac11-1485-4bb6-afd2-8cd56809f711,erali isaev,1,"Мы приехали в Алматы, и всего за одну ночь столкнулись сразу с двумя мошенниками. В час ночи с ребёнком стояли у квартиры, где должны были поселиться. Мошенники требовали сначала оплату, а потом обещали прислать информацию о ключах. После перевода денег они просто выключали телефоны. На улице прохладно, ребёнок мёрз — выхода не было. Приложение и его сотрудники, к сожалению, не проверяют объявления и пользователей должным образом. Это недопустимо для сервиса, которому доверяют люди!",5,25.9.28,2025-10-04,NEGATIVE,0.3644,NEGATIVE
Krisha.kz,kz.krisha,b6828083-aff8-4a78-a027-406c7c3dac24,Асет Касымов,1,списали 12000 тг. за примиум. потом снова списали 128 000 тг. это жесть . возврат средств через 90 дней . прекрасно можете крутить деньги . не проходите верификацию. не обращайтесь в службы проверки достоверности . это дно ребята . решили подать свое Объявление.....,1,25.9.28,2025-10-02,NEGATIVE,0.9199,NEGATIVE
Krisha.kz,kz.krisha,9ee907e3-d9da-4cb9-86d9-7e005e35203e,Kolyapozitivchick,3,"пишет что мои номер привязан к другому аккаунту, и нельзя некак доказать что этот номер у тебя сейчас есть, и что ты единственный обладатель этого номера, и почему не как нельзя имя поменять?",0,25.9.28,2025-10-02,NEGATIVE,0.4406,NEUTRAL
Krisha.kz,kz.krisha,82636d51-4695-45fc-8bb7-83001c73a89a,Светлана Самохвалова,1,"После обновления пишут, что приложение не совместим с устройством. Почему?",0,25.2.5,2025-10-01,NEGATIVE,0.5002,NEGATIVE
Krisha.kz,kz.krisha,04b5fb51-99ba-4d28-8343-b9b73a8e4ff7,Бахытжан Тюлеев,5,"разработчики, пожалуйста, сделайте выборку ""танхаус"". Это было бы капец, как удобно.",0,25.9.28,2025-09-28,NEUTRAL,0.3342,POSITIVE
Krisha.kz,kz.krisha,704d5015-f9cc-4656-beca-889fbb457b04,Sayan,1,"в горячие в тоом году стоил 480₸, щас 1755₸ вы чё там акций продаёте или новая валюта вышла? даже 1 доллар 540₸ стоит! понимаю если бы неделя 1755₸ стоил, но один день это уже наглость!",0,25.9.28,2025-09-26,NEGATIVE,0.7032,NEGATIVE
Krisha.kz,kz.krisha,ba829e78-7af1-46c5-83ca-72c97b62647b,Владимир «sidRich»,1,"В 2024 году хотел продать гараж, писали только мошенники, стабильно раз в неделю, спросил у них чей Крым, мне начали присылать фото военных с СВО. Пытался в этом году выставить гараж на продажу, моё объявление заблокировали, с формулировкой ""Подозрение на мошенническое объявление"", что бы разблокировать просили прислать номер карты и cvv код. Приложение не рекомендую!!!",0,25.9.28,2025-09-26,NEGATIVE,0.7579,NEGATIVE
Krisha.kz,kz.krisha,07913054-1685-4294-81c2-9903aa0bd807,Азат Муллагулов,5,"Приложение хорошее. Но есть но... Сделайте что бы цены были в долларах или в рублях. Сложно пересчитывать. И если квартира бывает занята, значит нужна кнопка бронирования. Как на Авито.",5,25.9.27,2025-09-25,NEUTRAL,0.6189,POSITIVE
Krisha.kz,kz.krisha,4af2b941-5002-41bf-a7b1-12377ffb18a0,Just Dooks,2,"Добавьте в раздел ""Купить"" фильтр о кухонной комнате, что бы было удобно искать жилье с отдельной кухней или совмещенной с другой комнатой",9,25.9.28,2025-09-24,POSITIVE,0.3874,NEGATIVE
Krisha.kz,kz.krisha,95b41194-0ea4-4af1-92ed-387201ffad24,Volume music,1,"Не советую, подать объявление платно. Всё платно. Не знаешь продашь или сдашь но платить нужно обязательно и сколько недель так платить??? Ещё оплату сделали специально в конце...сидишь пол часа заполняешь все поля и тут оплата в конце всплывает...всё сделано специально, это раздражает, удалил что всем и советую.",8,25.9.27,2025-09-21,NEGATIVE,0.7234,NEGATIVE
Krisha.kz,kz.krisha,dcd3b45d-9ea7-4c4c-99ec-223d4077c836,Жасулан Келдибекулы,1,Не полноценный функции микр нету некоторые,0,,2025-09-21,NEGATIVE,0.4441,NEGATIVE
Krisha.kz,kz.krisha,799aed5d-0630-4447-b6d2-6dceaae74482,Астана Алматы,1,программа плохо работает қатып қалады,0,25.9.27,2025-09-18,NEGATIVE,0.3716,NEGATIVE
Krisha.kz,kz.krisha,5afc7ea2-7d48-45d0-a556-c9a74ec860bf,Раъно Султанахмедова,2,"Почему нет графы, чтобы увидеть по областям? Не могда посмотреть продижу домов г.Туркестане.",0,25.9.27,2025-09-14,NEGATIVE,0.3354,NEGATIVE
Krisha.kz,kz.krisha,5cde7835-d9c3-417f-8a0d-ee7b07be5675,Zarina Iskakova,1,"Нет недвижимости такие как общежитие, малосимейки.",0,25.8.25,2025-09-09,NEGATIVE,0.4679,NEGATIVE
Krisha.kz,kz.krisha,1b41b6a5-a5ef-404d-adfd-c6f07422e1e4,Roman Nefedov,2,"Для поиска квартир и в браузере- афигительная вещь, 5 не жалко! как для квартиродателя -увы( 1. сливают номер левым - куча спама! 2. куча ежедневной ненужной и неотключаемой рекламы. 3. приходит реклама, но не приходят сообщения из чата от покупателей.",10,25.8.25,2025-09-08,NEGATIVE,0.431,NEGATIVE
Krisha.kz,kz.krisha,2ff73586-d96f-403b-a317-e6c6d6656dbb,Sofiya Luigi,2,"Здравствуйте хотела связаться с оператором, но нигде не указан ни телефон, ни эл.почта, куда писать ? куда жаловаться ????? даже просто спросить вопрос не знаю куда написать 😡😡😡 не доделанная крыша 👎",11,25.1.1,2025-09-07,NEGATIVE,0.7242,NEGATIVE
Krisha.kz,kz.krisha,41c109f0-9c65-42c9-9c80-03bc29a3da4d,Омар Кобжасаров,1,"""Уважаемые"" спецы вы у себя там зрение как часто проверяете вместе с мозгами?)) Человек в Кенсае продаёт остатки дома(не сам дом а лишь то что от него осталось) и когда ""кидаешь"" жалобу на продавца, приходит ответ! - ""Мы проверили объявление и нарушения не выявлено! Но хотя по фоткам видно что там дома как такого нету!!! Да и само понятие дом я считаю это капитальное строение, а не какой-то вагончик закосивший под дом...",4,25.9.26,2025-09-06,POSITIVE,0.2776,NEGATIVE
Krisha.kz,kz.krisha,666a751e-3700-4bcf-ad5d-c537115989dd,Белый,1,сделайте пожалуйста тёмную тему,0,25.8.25,2025-09-06,NEUTRAL,0.343,NEGATIVE
Krisha.kz,kz.krisha,3bb20207-3b9b-4a7c-ab12-f30a9627d178,Shynar Shynar,5,"Приложение хорошее понятнее чем недвижка если бы еще добавили фильтр""дешевле-дороже""а то надо вручную надо набирать но все равно спасибочки за это приложение разработчикам и интерфейс💯👍❤️☺️",0,25.8.25,2025-09-06,NEUTRAL,0.3636,POSITIVE
Krisha.kz,kz.krisha,8dd5e8b9-b16d-4974-9466-834a527273ff,Денис Бочков,2,не могу установить приложение,0,,2025-09-05,NEGATIVE,0.5537,NEGATIVE
Krisha.kz,kz.krisha,eafeb613-7364-435c-acc4-ffa97a6a648a,Omarova Gulnazid,5,спасибо,0,25.4.12,2025-09-03,POSITIVE,0.4892,POSITIVE
Krisha.kz,kz.krisha,24f7e39d-fa28-41cf-bc91-660ed5122bbc,Alisa Ratmir,5,Квартиры найте в два счета!,0,25.8.25,2025-09-02,POSITIVE,0.4983,POSITIVE
Krisha.kz,kz.krisha,0c6bbc74-2f2c-41ac-bb97-be2207ff6333,Нарима Калимуллина,5,спасибо за хорошую работу! процветания!,0,25.5.15,2025-09-02,POSITIVE,0.7597,POSITIVE
Krisha.kz,kz.krisha,cf937322-b928-4d4f-b0bb-2d1ae702e1fb,Nadezhda Gordeeva,3,"Приложение удобное, но не хватает только возможности оставить отзывы, особенно на квартиры, которые сдаются на небольшой срок. Было бы полезно видеть оценки и фото реальных людей Вроде по фото все норм, в фильтрах указано для некурящих, с детьми. По факту приезжаешь- квартира вся прокурена, выглядит иначе. И даже тех поддержки нет, чтобы можно было решить вопрос в такой ситуации",0,,2025-08-31,NEUTRAL,0.5085,NEUTRAL
Krisha.kz,kz.krisha,b1b09eb1-145c-492b-892a-10c693760232,Жасмин Жасмин,5,отличное приложение рекомендую,0,24.7.19,2025-08-31,POSITIVE,0.6158,POSITIVE
Krisha.kz,kz.krisha,39d9682c-fde2-4506-a287-d0d578b5e643,Айзере Асамурат,5,"не вижу проблем, все в порядке",0,25.8.24,2025-08-31,POSITIVE,0.4729,POSITIVE
Krisha.kz,kz.krisha,3ac5a8c3-2981-4c54-8b85-eb2887229060,Igor,5,Всем рекомендую это приложение!,0,25.8.22,2025-08-28,POSITIVE,0.6735,POSITIVE
Krisha.kz,kz.krisha,e1ca50f5-0556-45a4-a590-e2c5cdcecf05,M K,1,операторы конченные вообще игнорят при проблемах никогда не помогают,0,25.8.22,2025-08-27,NEGATIVE,0.8387,NEGATIVE
OLX Kazakhstan,kz.slando,ad44d838-e214-4e0a-9c18-f41960c7a9fc,Александр,5,полезная програма,0,5.143.4,2026-04-25,POSITIVE,0.3955,POSITIVE
OLX Kazakhstan,kz.slando,79800c8c-c642-4cd5-ac1f-cc2f1d9f368c,light max,1,Раньше как то было выгодно размещать платные объявления. а сейчас толку нет. выхлоп 0. Раньше как то не обидно было. одно объявление было бесплатное и дальше платно. как то люди заходили чаще. а теперь рейтинг ваш ниже плинтусов. люди не заходят. если один человек позвонит хорошо. а теперь 0. даже номер телефона нет просмотров.,25,5.143.4,2026-04-25,NEGATIVE,0.8808,NEGATIVE
OLX Kazakhstan,kz.slando,d8bc620d-6c42-4ac4-b730-9763c874764f,Game 1111,5,Норм,0,,2026-04-25,NEGATIVE,0.4748,POSITIVE
OLX Kazakhstan,kz.slando,9a117bbd-1e0b-46d3-bf60-222efee95d28,Самсунг,5,Очень хорошой приложение,0,,2026-04-25,POSITIVE,0.7493,POSITIVE
OLX Kazakhstan,kz.slando,68e83a8e-8eff-4a13-b6eb-c30c6cb528f4,Манас Нүкенов,5,удобный приложения,0,5.143.4,2026-04-25,POSITIVE,0.5326,POSITIVE
OLX Kazakhstan,kz.slando,f63b3073-087c-4098-8f9b-c1b0bed24a6b,Назигуль Абдуловна,5,супер приложение,0,5.143.4,2026-04-25,POSITIVE,0.3293,POSITIVE
OLX Kazakhstan,kz.slando,cb22951f-b972-4c33-92b3-7aac778bb611,Uri,5,все есть,0,5.143.4,2026-04-24,POSITIVE,0.3789,POSITIVE
OLX Kazakhstan,kz.slando,a0a7ac77-441e-48c6-af3e-005d24037224,Оразали Ануарин,5,отлично,0,5.143.4,2026-04-24,POSITIVE,0.4666,POSITIVE
OLX Kazakhstan,kz.slando,71285443-4b1d-4447-8778-088e50a6d0c7,Тех Помощь,1,"одни мошенники пишут,через каз почта приедут, даже не звонят только пишут по ватцапу, что приедет курьер , и тд. приложения для ... и результатов 0. только деньги улетают на ветер без продаж. самое тупое приложение .",0,5.143.4,2026-04-24,NEGATIVE,0.9427,NEGATIVE
OLX Kazakhstan,kz.slando,ba241c1a-652e-42ab-9b8b-5678f2ba7c7b,Нурлан Абенов,5,нравится,0,5.143.4,2026-04-24,NEGATIVE,0.3881,POSITIVE
OLX Kazakhstan,kz.slando,b84f4f24-dd38-4555-b12f-658b02c43648,Бек караганда,4,"разработчики, исправьте пожалуйста баг листаешь ленту вниз, в это время приходит ответ от другого пользователя, открываешь , читаешь, потом выходишь опять назад и не продолжаешь листать, а выкидывает в самое начало. Начинается пролистывание сначала, приходит опять ответ, отвечаешь другому пользователю, выходишь , и опять сначала , а не с места где остановился исправьте пожалуйста",51,5.143.4,2026-04-24,NEGATIVE,0.6512,POSITIVE
OLX Kazakhstan,kz.slando,f6003c91-adb3-4f6b-a39a-f156c7b7b2ff,Baha,5,👍👍👍,0,5.143.4,2026-04-24,POSITIVE,0.3086,POSITIVE
OLX Kazakhstan,kz.slando,b6c847e0-a303-4d89-ab1f-635c6596e87b,Глеб Алмазов,5,ну имба что сказать,0,5.143.4,2026-04-24,POSITIVE,0.3022,POSITIVE
OLX Kazakhstan,kz.slando,348f921a-0ad3-407b-a2fb-5abf1e78365a,Марат Альмуханов,5,все что хочеш здесь найдеш,0,5.143.4,2026-04-24,POSITIVE,0.6451,POSITIVE
OLX Kazakhstan,kz.slando,e14bae85-de7a-4259-b2d2-c7ef78fc2c56,Руслан Кормин,5,вам не надоело постоянно обновлять? После ваших обновлений не могу попасть на свой профиль.,0,5.143.4,2026-04-24,NEGATIVE,0.4044,POSITIVE
OLX Kazakhstan,kz.slando,727c7e34-7253-4f4b-84fd-ce2c851f2f20,Arai Wingali,5,👍👍👍,0,5.143.4,2026-04-24,POSITIVE,0.3086,POSITIVE
OLX Kazakhstan,kz.slando,d341bfc4-c109-4d4b-9505-414781879f48,Сакен Сейсенбеков,5,хорошо,0,5.143.4,2026-04-24,POSITIVE,0.5594,POSITIVE
OLX Kazakhstan,kz.slando,8a87f8f8-bbf6-429f-b563-0a4dc1515f0c,Ramazan Turdikulov,5,хорошый,0,5.143.4,2026-04-24,POSITIVE,0.5203,POSITIVE
OLX Kazakhstan,kz.slando,2a47df77-e97a-4376-81e4-468af24d4479,Данияр Абишев,2,"что то сейчас ОЛХ перестал нравиться,ни как раньше. сейчас если что то хочешь конкретное найти даже через фильтр все равно всякий сброд объявлений выходит, и среди этой кучи трудно найти что именно тебя интересует, в особенности это категория Авто в общем перехожу сразу в другие приложения",1,5.143.4,2026-04-23,NEGATIVE,0.4069,NEGATIVE
OLX Kazakhstan,kz.slando,974ec1f9-a0a0-4bb8-845c-28d4186cb04c,Рулан Аминов,5,Мир всем и добра!,0,5.143.4,2026-04-23,POSITIVE,0.7465,POSITIVE
OLX Kazakhstan,kz.slando,2553242f-8843-4ce8-b8dd-1cd82e6ef17c,Сергей Водолазов,5,отличное приложение,0,5.143.4,2026-04-23,POSITIVE,0.6283,POSITIVE
OLX Kazakhstan,kz.slando,6a860c71-c7a4-42e3-9462-2623e7194c75,Zenis,5,классное и удобное приложение.,0,5.143.4,2026-04-23,POSITIVE,0.5334,POSITIVE
OLX Kazakhstan,kz.slando,13181767-8593-413d-94a7-e58d14f39982,Аделя,5,Клас проста клас,0,,2026-04-23,POSITIVE,0.3636,POSITIVE
OLX Kazakhstan,kz.slando,bf2f1df7-a635-49e1-b9c4-88bdb58b45a0,Orka Abdukarimov,5,керемет,0,5.143.4,2026-04-23,POSITIVE,0.2734,POSITIVE
OLX Kazakhstan,kz.slando,7aa3ca7d-bea5-4929-ba09-ad2771136ca3,Самат Саке,5,Все хорошо!,0,5.143.3,2026-04-23,POSITIVE,0.7066,POSITIVE
OLX Kazakhstan,kz.slando,8bdd932f-e92b-4bfa-b4ad-08b88ab3fdc5,Валерий Хабиров,5,отличное приложение,0,5.143.4,2026-04-23,POSITIVE,0.6283,POSITIVE
OLX Kazakhstan,kz.slando,e5c90cd2-cc9c-40cf-9439-1d4451094bd6,Наурызбек Камалов,5,хороши приложения,0,5.143.4,2026-04-23,POSITIVE,0.461,POSITIVE
OLX Kazakhstan,kz.slando,d014d1a9-7c54-44fb-87bd-d7fe0eb7f9d3,Samrat Mansur,5,ооооочень удобно,0,,2026-04-23,POSITIVE,0.4733,POSITIVE
OLX Kazakhstan,kz.slando,dd49da75-e334-4550-b70a-553cfcd96598,Бекзат Аймагамбетов,1,"Никак не получается опубликовать объявление, ввёл всю информацию,но приложение просит дополнительную информацию. Прошу по скорее решить эту проблему.",0,5.143.4,2026-04-22,NEGATIVE,0.6054,NEGATIVE
OLX Kazakhstan,kz.slando,b560b9e2-baa2-412c-b46e-dd14e93567a9,Еркебулан Ногаев,5,"Отличное предложение, всем советую",0,5.143.3,2026-04-22,POSITIVE,0.696,POSITIVE
OLX Kazakhstan,kz.slando,c9b42321-4577-437d-a8a0-a26eb038389a,Джумадилла,5,👍,0,5.143.4,2026-04-22,POSITIVE,0.3086,POSITIVE
OLX Kazakhstan,kz.slando,1c98c5bc-6b55-40cd-b3ba-acc3ff83e356,Секе,5,"Очень интересное, и полезное приложение. Спасибо ОЛХ.",0,5.143.4,2026-04-22,POSITIVE,0.6407,POSITIVE
OLX Kazakhstan,kz.slando,a2bf47c4-900a-4dfe-921a-8347b65358ac,Elaman Aitbek,5,замечательное предложение,0,5.135.4,2026-04-22,POSITIVE,0.65,POSITIVE
OLX Kazakhstan,kz.slando,01903045-30c1-4089-94fa-ee63ec28dd5c,Азамат Миронов,1,"конченное приложение , зайти в свой профиль постоянно квест какой то , пароли не подходят , восстановление пароля не работает , на почту нечего не приходит",0,5.143.4,2026-04-22,NEGATIVE,0.8329,NEGATIVE
OLX Kazakhstan,kz.slando,5d52bc47-5e31-4cd6-943a-1ab5479a744a,Марина Старченко,3,"Оплатила рекламу 350тг и 200тг ,чтобы подняли объявление.Вообще ничего не сделали,как будто сняли его вообще,без просмотров стоит.Помоему ваша команда совсем не работает.",4,5.143.4,2026-04-22,NEGATIVE,0.8681,NEUTRAL
OLX Kazakhstan,kz.slando,c71cc3e5-04f3-46f4-ab1f-3cf748077c84,Alikhan,5,жақсы,0,,2026-04-22,POSITIVE,0.5249,POSITIVE
OLX Kazakhstan,kz.slando,15006960-2a11-48c0-9fb6-d87cd7f77282,Nur Nar,5,керемет,0,5.143.4,2026-04-21,POSITIVE,0.2734,POSITIVE
OLX Kazakhstan,kz.slando,f94aede5-e57b-43be-a78b-0a2089e06cef,Салима Досумбетова,5,Очень удобно. все можно найти,0,,2026-04-21,POSITIVE,0.6527,POSITIVE
OLX Kazakhstan,kz.slando,40a4f49e-225e-46e0-8d78-ede80b410815,AnimeWorld,1,"объявления толком не выставишь, постоянно блокают, потом снимают, а платить заново все равно приходится",0,5.143.4,2026-04-21,NEGATIVE,0.7283,NEGATIVE
OLX Kazakhstan,kz.slando,5aa13bf5-3fcd-47f5-9334-43e0d69ff12e,Улзипа Ережеп,5,күшті,0,5.143.4,2026-04-21,POSITIVE,0.3427,POSITIVE
OLX Kazakhstan,kz.slando,f48be3d5-d01b-4413-8f02-0f97c05c5425,***,1,на мой номер неизвестно кто скачал олх. месяц мне звонят про продажу котов в 1000 км от моего места жительства. писала в поддержку так не удалили пользователя и не ответили мне. на каком основании можно скачивать приложение на чужой номер.,0,5.143.4,2026-04-21,NEGATIVE,0.7584,NEGATIVE
OLX Kazakhstan,kz.slando,001b4846-c791-4a40-864d-d637af9bccba,Лаура Салихова,1,"Не возможно подать объявления указываю свои номер телефона пишит это не похоже на номер телефона, очень интересно ,а как же вы тогда код выслали на этот номер 🤦‍♀️",1,5.143.4,2026-04-21,NEGATIVE,0.4397,NEGATIVE
OLX Kazakhstan,kz.slando,c2b8f32a-7e88-49d3-9784-1c2cef308a7f,Алина Черкашина,3,"аккаунт есть но он исчез, там объявления все мои добавляю свою почту электронную и пароль там пишут не найдено ошибка",0,5.143.4,2026-04-21,NEGATIVE,0.4399,NEUTRAL
OLX Kazakhstan,kz.slando,5e00c76b-7688-4c2d-b22e-599307ddbb6b,Казбек,5,Полезный,0,5.143.4,2026-04-21,POSITIVE,0.3763,POSITIVE
OLX Kazakhstan,kz.slando,5c80e802-6d2a-455d-ad1a-e63426076c1b,Nurgali Djapparov,3,"Уже какой день не могу посмотреть объявление, загруженном в виде завис",0,5.143.4,2026-04-21,NEGATIVE,0.6983,NEUTRAL
OLX Kazakhstan,kz.slando,6b41c3d1-9175-4467-9743-79ebaa426d69,Денис Поднебеснов,1,постоянно зависает не чего не грузится,0,5.143.4,2026-04-21,NEGATIVE,0.3973,NEGATIVE
OLX Kazakhstan,kz.slando,f0539629-9928-4163-9288-9050b4c7c474,Аблайхан Тойжанов,5,"быстро и чётко,все есть что нужно",0,5.143.4,2026-04-21,POSITIVE,0.607,POSITIVE
OLX Kazakhstan,kz.slando,f8bfcd15-c2d3-4401-b13f-31ce715176b2,Жан,5,Круто,0,5.143.4,2026-04-20,NEGATIVE,0.4584,POSITIVE
OLX Kazakhstan,kz.slando,3c5315bc-cd7d-4b5b-85f6-2413b18d61f3,Ержан Мазимов,1,часто не открываться. пишет что что-то произошло не так,0,5.143.4,2026-04-20,NEGATIVE,0.4185,NEGATIVE
OLX Kazakhstan,kz.slando,210348bd-b4e0-4c34-a690-809ea1dc1ce5,Tulj Makahzanov,5,ок,0,5.143.4,2026-04-20,NEUTRAL,0.3575,POSITIVE
OLX Kazakhstan,kz.slando,934244c3-cbb1-4e0a-9f1a-626d30067772,Irina,5,Максимально понятное приложение. Удобное и эффективное.,0,5.143.4,2026-04-20,POSITIVE,0.7165,POSITIVE
OLX Kazakhstan,kz.slando,703a36bf-b5d0-442f-a595-ca24abf638e7,Саня Карцев,1,сообщения не приходят на почту,0,5.143.4,2026-04-20,NEGATIVE,0.6035,NEGATIVE
OLX Kazakhstan,kz.slando,644e92a2-be5d-4007-a624-f03403abc7d5,Shukhrat,5,Полезное приложение.,0,5.143.4,2026-04-20,POSITIVE,0.4688,POSITIVE
OLX Kazakhstan,kz.slando,80791b3d-437d-4923-9c17-955504cbe969,Mukhtar Kali,1,"Полный бардак! Тех поддержка не работает! объявился на вакансию. местоположение указал на карте как аэропорт г.Астана (выходит Тельмана, ну ладно, главное указал на карте). В этоге вышло как Алматинская область, Телмана. Написал проблему в тех поддержку. Ничего поменялась! Помню такая же проблема было в 2024г. А после публикации редактировать местоположение не поменять! ОЛХ вы так с рынка автоматом вылетете! Мне кажется ОЛХ продали не добросовестным людям!",0,,2026-04-20,NEGATIVE,0.9096,NEGATIVE
OLX Kazakhstan,kz.slando,14868e38-3977-4b09-99b9-468fd7db20e6,Валентина Шипулина,5,вы супер,0,5.143.4,2026-04-20,POSITIVE,0.3942,POSITIVE
OLX Kazakhstan,kz.slando,323ced23-8709-4b10-ac2e-5438dd4cf755,Samsu Mazgov,5,оплата за доставку до Москвы,0,5.143.4,2026-04-20,POSITIVE,0.3004,POSITIVE
OLX Kazakhstan,kz.slando,a30b10d7-9ead-4be0-a4e8-78d6806e4278,Наталья Шевчук,5,Отличное приложение,0,5.143.4,2026-04-20,POSITIVE,0.6283,POSITIVE
OLX Kazakhstan,kz.slando,031f7933-6930-4b2b-bef6-0b881cef239c,Витя,3,"Разработчики, пожалуйста, улучшите поиск в приложении. Когда кому-то попадается та или иная вещь, то другой(я) не могу её найти. Например:мой друг находит хорошее объявление о продаже телефона и показывает его мне, я, в свою очередь, найти его не могу. Хотя я абсолютно правильно выставляю фильтры. Исправьте это пожалуйста",0,,2026-04-20,NEGATIVE,0.4558,NEUTRAL
OLX Kazakhstan,kz.slando,6357e15d-1208-44c0-9674-600db20089ff,Нурбол Алиаскаров,1,приложение отстой все платное толку нет 👎👎👎👎👎👎,0,5.143.4,2026-04-19,NEGATIVE,0.7453,NEGATIVE
OLX Kazakhstan,kz.slando,d8d0fde5-4be9-41dc-8213-f4f783ef97c1,Saitzanaupov Ggg,5,молодцы,0,5.143.4,2026-04-19,POSITIVE,0.3006,POSITIVE
OLX Kazakhstan,kz.slando,ee2f46eb-3448-4730-94f8-f36668c96686,Ермек,5,отлично,0,5.143.4,2026-04-19,POSITIVE,0.4666,POSITIVE
OLX Kazakhstan,kz.slando,0349cd31-0839-46f9-8f93-8a13fc4afadf,Arsen 777,5,хорошое приложение,0,5.143.4,2026-04-19,POSITIVE,0.5593,POSITIVE
OLX Kazakhstan,kz.slando,80e528c3-513b-4d9b-a75d-350433302f7e,Ренат,5,Супер приложение,0,5.143.4,2026-04-19,POSITIVE,0.3293,POSITIVE
OLX Kazakhstan,kz.slando,5a3eb983-b57f-4c56-b88a-8dd0ee19c16a,Serg Vinokyrov,5,отлично работает,0,5.143.4,2026-04-19,POSITIVE,0.5762,POSITIVE
OLX Kazakhstan,kz.slando,354f2015-d8d5-47f6-a73b-a65b3931da72,nikolai genza,1,объявления не открывается крутит и крутит,0,5.143.4,2026-04-19,NEGATIVE,0.6959,NEGATIVE
OLX Kazakhstan,kz.slando,732d5176-df50-4cfb-83c8-84eb1c6aa436,Konstautin Kolesnikob,5,все очень хорошо работает,0,,2026-04-19,POSITIVE,0.7635,POSITIVE
OLX Kazakhstan,kz.slando,a110b384-605e-4da5-9067-ce0ae5ff9802,Бахыт Алимкулов,5,хорошо,0,5.143.4,2026-04-19,POSITIVE,0.5594,POSITIVE
OLX Kazakhstan,kz.slando,81acae33-d49a-4b83-906f-7ecb8f40ad0a,Ерғали Хангелдиев,5,керемет,0,,2026-04-19,POSITIVE,0.2734,POSITIVE
OLX Kazakhstan,kz.slando,7d1d4173-4216-422c-83f9-abbf690f6621,GIG,1,почему не скачивается олх,0,,2026-04-19,NEGATIVE,0.3528,NEGATIVE
OLX Kazakhstan,kz.slando,71693815-cf44-4801-8c5d-f95823e1137d,Елена Береснева,5,"хорошее приложение, доступное",0,5.143.4,2026-04-19,POSITIVE,0.5526,POSITIVE
OLX Kazakhstan,kz.slando,cf02af58-7024-45bb-ae22-93260db0a78e,Natalia Curilina,5,очень удобно и супер,0,5.143.4,2026-04-19,POSITIVE,0.6582,POSITIVE
OLX Kazakhstan,kz.slando,c33f1715-8337-48d8-9361-2e055f4fef13,Janbolat Malikov,5,супер,0,5.143.4,2026-04-18,POSITIVE,0.3735,POSITIVE
OLX Kazakhstan,kz.slando,2648054c-6270-49f5-8dde-590f40b46af1,Сайман Говорит,1,"У объявления вкл автопродление,но почему-то уходит в архив",1,5.143.4,2026-04-18,NEGATIVE,0.3139,NEGATIVE
OLX Kazakhstan,kz.slando,82e25a86-079d-4967-8217-6417015c1d7a,Ельаман Кусаинов,1,не грузит вообще просит обновить,0,5.143.4,2026-04-18,NEGATIVE,0.6677,NEGATIVE
OLX Kazakhstan,kz.slando,be332a3e-9dd4-4bb6-8ff7-608fee01526a,Анатолий Монин,5,всё отлично,0,5.143.4,2026-04-18,POSITIVE,0.6124,POSITIVE
OLX Kazakhstan,kz.slando,27988b77-27ed-43c7-8199-718acfc963d8,Алтай,5,Очень актуален !,0,5.143.4,2026-04-18,POSITIVE,0.7186,POSITIVE
OLX Kazakhstan,kz.slando,459a1a84-ecf4-4928-90f5-8765498d5b61,Евгения Шадрина,1,"Приложение испортилось,что сейчас творится-невообразимо просто!Даёшь объявление,оплачиваешь, объявление проходит проверку, публикуется,а потом,через несколько дней-его отклоняют модераторы,без возможности его исправить или отредактировать!и чтобы подать снова это объявление-его надо создать заново и СНОВА ОПЛАТИТЬ!!!! До этого же вы уже взяли деньги за объявление,проверили,опубликовали, и оно вас устраивало,какого фига через неделю/месяц вы его отклоняете???и снова хотите взять деньги за него же",2,5.143.4,2026-04-18,NEGATIVE,0.776,NEGATIVE
OLX Kazakhstan,kz.slando,320e048c-a6d7-434d-a3a6-5b8f071b10ec,Андрей,5,отличный сайт,0,5.143.4,2026-04-18,POSITIVE,0.5354,POSITIVE
OLX Kazakhstan,kz.slando,fade474a-1738-4cc9-ac1a-622d4710085b,Yuldash Isamidinov,5,приложение работает хорошо,0,5.143.4,2026-04-18,POSITIVE,0.4507,POSITIVE
OLX Kazakhstan,kz.slando,683e9b72-b0a6-4fbe-83e8-bb08331985ed,Мадина Шахджахан,1,"Здравствуйте! Я дала объявление. Но там не показывает количество просмотров. Хотя мы заходим смотреть из других телефонов, других аккаунттов. Но количество остаётся на нуле. Что у вас за проблемы в приложении? Или сейчас люди уже не посещают как раньше?",0,,2026-04-18,NEUTRAL,0.3018,NEGATIVE
OLX Kazakhstan,kz.slando,687db57e-8481-417e-a2b0-4bdf43fe9eac,Али,4,норм,0,5.143.4,2026-04-18,NEGATIVE,0.4748,POSITIVE
OLX Kazakhstan,kz.slando,b3b32263-d9ce-471e-b037-17d2e183a2e0,Айдар Корсаков,4,здравствуйте олх сделайте как на авито когда выкладываешь свое объявление ты можешь выбрать как тебе удобно чтоб тебе писали на ватсап или олх само приложение или чисто звонить,1,,2026-04-18,POSITIVE,0.3517,POSITIVE
OLX Kazakhstan,kz.slando,10fcc2b6-66f8-4859-b375-bb2da15ae6de,Zere,5,ОТЛИЧНО,0,5.143.4,2026-04-18,POSITIVE,0.4666,POSITIVE
OLX Kazakhstan,kz.slando,f348a981-ed7b-4d20-ab7e-220020936105,rustam rustam,1,"оплачиваю обьявления в топ,но их не видно,где деньги,где реклама?",0,5.143.4,2026-04-18,NEUTRAL,0.2826,NEGATIVE
OLX Kazakhstan,kz.slando,2f10f227-e58c-4968-b34f-236d03e9b730,Акбар Хамраев,1,"очень сильно не нравится то что просто опубликовать свою вещь на продажу стоит денег, хотя бы сделал бы так что бы сначало 5 раз можно опубликовать бесплатно😑😑",0,5.143.4,2026-04-18,NEGATIVE,0.4764,NEGATIVE
OLX Kazakhstan,kz.slando,c4efbc9f-b2dd-474b-94a1-14a7fca7ba6c,Михаил Г.,5,отличное приложение,0,5.143.4,2026-04-17,POSITIVE,0.6283,POSITIVE
OLX Kazakhstan,kz.slando,52b2fc99-72d1-4b5e-b17f-1ef221ae0f18,Denis Melnikov,5,хорошо приложение,0,5.117.4,2026-04-17,POSITIVE,0.4864,POSITIVE
OLX Kazakhstan,kz.slando,21121b13-3304-4e03-bcb6-1abb8b55d014,Ерлан Ералы,5,отличный сайт,0,5.143.4,2026-04-17,POSITIVE,0.5354,POSITIVE
OLX Kazakhstan,kz.slando,d47696de-9760-4e7f-ac26-c9092e32e130,Àika Aika0101,5,вопшем все классно,0,5.143.4,2026-04-17,POSITIVE,0.4832,POSITIVE
OLX Kazakhstan,kz.slando,e687713e-2545-4759-a90c-c2cfb64ebbf7,Берик Нурланов,5,Рекомендую,0,5.143.4,2026-04-17,POSITIVE,0.4523,POSITIVE
OLX Kazakhstan,kz.slando,983bb5bb-c4a2-4cdc-8886-ff8fcb86e5d6,Сергей Солодилов,1,"Когда вы уже сделаете своё приложение , чтобы можно было подать объявление без проблем и без нервов!!! Самое отстойное приложение и сайт -это олх. Чтобы подать объявление, нужно пройти целый квест и всё равно оно напишет, что что-то пошло не так и объявление не подашь!!! Я уже деньги на кошелёк в олх закинул, всё равно не работает!!! Не подаёт объявление, хотя оно в архиве находится несколько дней!!!",2,5.143.4,2026-04-17,NEGATIVE,0.9226,NEGATIVE
OLX Kazakhstan,kz.slando,bb8c24da-49de-4bce-9abc-7f97327e28ce,Нурик,5,класныый предложения,0,5.143.4,2026-04-17,POSITIVE,0.3628,POSITIVE
OLX Kazakhstan,kz.slando,3b7ae06e-d1a3-4a83-84c2-ec79f311a9af,Джон Уик,2,что с приложением постоянно обновляете и в кабинет не заходит виснет постоянно,0,5.143.4,2026-04-17,NEGATIVE,0.4463,NEGATIVE
OLX Kazakhstan,kz.slando,e3d405e2-f456-49f3-b8da-feaff8dd2e6a,Kairolla,1,Не могу войти и зарегистрироваться. До этого было нормально. Почему?,0,,2026-04-17,NEGATIVE,0.628,NEGATIVE
OLX Kazakhstan,kz.slando,c162f8aa-deb6-439f-a0eb-85e4b1293b92,Romkizh R,5,"💬 OLX.KZ — популярный сервис объявлений в Казахстане, где можно найти широкий спектр товаров и услуг. Однако, отзывы пользователей о платформе неоднозначны. Многие отмечают удобство использования и большое количество объявлений, что позволяет быстро продавать и покупать товары. В то же время, значительная часть пользователей сталкивается с проблемами: • Технические сбои: Невозможность подать или продлить объявление, некорректное отображение статуса оплаты. • Проблемы с оплатой и рекламой:",0,5.108.2,2026-04-17,NEUTRAL,0.4346,POSITIVE
OLX Kazakhstan,kz.slando,ef8ed256-3f07-4f17-aaf1-8ee76f13e5d3,Телевизор,1,вечно виснит и выходит ошибка исправляйте уже это 21 век 3 год уже не можете исправить у меня телефон самсунг с 22 ултра не какой та пульт что бы логало,1,,2026-04-16,NEGATIVE,0.7162,NEGATIVE
OLX Kazakhstan,kz.slando,60fafb23-c816-4c87-8d99-924dcc224713,Asel Kendirova,5,очен харошый предложения,0,5.143.3,2026-04-16,NEUTRAL,0.2777,POSITIVE
OLX Kazakhstan,kz.slando,dd1a09fa-ebb2-493a-9908-64dcb98c4382,Nuric,5,Супер приложение,0,5.143.4,2026-04-16,POSITIVE,0.3293,POSITIVE
OLX Kazakhstan,kz.slando,ab003629-5908-4456-a627-fd58f5304667,Wild Stranger,5,"Все нравится. Если бы платформа отфильтровывала сомнительных персон, тогда было бы еще круче!",0,5.143.4,2026-04-16,NEGATIVE,0.2606,POSITIVE
OLX Kazakhstan,kz.slando,c8d01f11-04cb-4aa5-81a4-d0c7ba38d717,Eljan Duisebek,5,очень хороший приложения,0,,2026-04-16,POSITIVE,0.661,POSITIVE
OLX Kazakhstan,kz.slando,705eb5ec-ecec-4634-ab6c-cb28e8c26dd8,Исламбек Нуржанов,5,супер,0,5.143.4,2026-04-16,POSITIVE,0.3735,POSITIVE
OLX Kazakhstan,kz.slando,da822263-793f-4b58-95fe-33fb01b8e9e1,Алия Аяпова,5,хорошее приложение для поиска услуг и товаров,0,5.143.4,2026-04-16,POSITIVE,0.5171,POSITIVE
OLX Kazakhstan,kz.slando,9cbe9014-91e6-43ea-b2ac-d68de13e1563,Александр Игошин,5,"Здравствуйте. А обновление OLX производится? Раньше мы сами жали на кнопку""обновить"",а теперь кто за нас это делает? К тому же часто нет доступа на ""профиль"". Нет доступа на""профиль"" и нельзя работать с объявлениями. Пожалуйста,как постоянно иметь доступ к ""профилю"". Нам с супругой по 80лет,и не всё у нас получается. Хочется лишние вещи раздать людям тёплыми руками 🙏",2,5.143.4,2026-04-16,NEGATIVE,0.4344,POSITIVE
OLX Kazakhstan,kz.slando,b73189e9-092c-4413-b718-abad6d969972,Акмарал Жубаназарова,5,Нравится всё,0,5.143.4,2026-04-16,NEGATIVE,0.2893,POSITIVE
OLX Kazakhstan,kz.slando,26466ee1-80cd-4ed9-95ff-39a588603dfc,Erbol,4,зор,0,5.143.4,2026-04-16,NEUTRAL,0.2512,POSITIVE
OLX Kazakhstan,kz.slando,7d2d2e0d-d01f-4df5-be31-dcb2c1116889,Fast Junkie,5,отлично,0,5.143.4,2026-04-15,POSITIVE,0.4666,POSITIVE
OLX Kazakhstan,kz.slando,475e6703-25e7-43a9-ae8d-1311b128041a,Erzhan Utepbergen,5,супер,0,5.143.4,2026-04-15,POSITIVE,0.3735,POSITIVE
OLX Kazakhstan,kz.slando,b2a20efc-cbb0-4521-8a59-e7849687c5ff,Бауыржан Жакупов,5,класс,0,5.143.4,2026-04-15,POSITIVE,0.4262,POSITIVE
OLX Kazakhstan,kz.slando,f7c98977-7aed-498f-ad9f-eb1ee43ca744,Евгений Прыгунов,1,приложение отвратительное. за каждое объевление нужно платить!!!!!!!! ПРИЛОЖЕНИЕ превратилось в БОЛОТО. не советую пользоваться этим приложением!!!!!,0,5.143.4,2026-04-15,NEGATIVE,0.9174,NEGATIVE
OLX Kazakhstan,kz.slando,6dde168c-c64c-4880-a17c-9233ccda6a6b,Гариф Салыков,1,как включить куки в приложении?? в яндекс и в гугл не нашел эту функцию..,0,5.143.4,2026-04-15,NEGATIVE,0.5534,NEGATIVE
OLX Kazakhstan,kz.slando,20c1c714-4c5f-462b-9b2a-94fed5e02748,Natalia Mac,3,"здравствуйте, не могу зайти в Олх, присылают код подтверждения, которой ввожу, но опять пишет что этот номер используется в учетн.записи, так если это мой номер, он и должен использоваться. ничего не понятно и помощи реальной нет. Возрастному человеку трудно разобраться и что делать🤔",0,5.126.3,2026-04-15,NEGATIVE,0.4949,NEUTRAL
OLX Kazakhstan,kz.slando,ec24770f-e13d-4504-b04a-bb1239eaf531,Жулдыз Оразхановна,5,Оферистов не давайте выкладывать,0,5.143.4,2026-04-15,NEGATIVE,0.433,POSITIVE
OLX Kazakhstan,kz.slando,46e175f3-08f6-478a-9f88-818c1c8d1e2f,Нуркен Казиев,1,Здравствуйте! Почему оно не открывается?,0,5.143.4,2026-04-15,POSITIVE,0.44,NEGATIVE
OLX Kazakhstan,kz.slando,9018826e-eaf1-4e08-85ee-3854e6f439f8,Карим Парманбеков,5,очень нравится ведь там можно найти нужные вещи,0,,2026-04-15,POSITIVE,0.4098,POSITIVE
OLX Kazakhstan,kz.slando,6b5efd00-8171-4767-a97c-0a22391a93c5,Reebok Ret777,1,плохо что выкладывать свое объявление по работе стало платно это плохо очень хотя-бы бесплатно сделали до одного объявления в месяц бесплатно соответственно больше бы посетителей олх было бы но увы бы мешает,0,5.143.4,2026-04-15,NEGATIVE,0.5093,NEGATIVE
OLX Kazakhstan,kz.slando,de344715-84d6-4048-82e5-7b0c02967c26,Dark,5,"Уже 3 года примерно пользуюсь. Ни разу не разочаровался, идеальное приложение, все покупки приходят, и все хорошо.",0,5.143.4,2026-04-14,POSITIVE,0.8234,POSITIVE
OLX Kazakhstan,kz.slando,161d647b-d253-44a9-91dd-4b1fbea7a553,Айдос,3,"Почему не рекламируется мое объявление,хотя я заплатил за платную рекламу?",0,5.143.4,2026-04-14,NEGATIVE,0.6753,NEUTRAL
OLX Kazakhstan,kz.slando,04e5d4ba-d0f8-42a2-9ee2-2a9856b53183,BOOMZY,2,как же вы задолбали со своей авторизацией после обновлений. идиотизм какой-то,1,5.143.4,2026-04-14,NEGATIVE,0.6408,NEGATIVE
OLX Kazakhstan,kz.slando,22b3fb8c-e1ba-409e-b135-9e2a7522d5ed,Андрей Андреев,5,всё хорошо,0,,2026-04-14,POSITIVE,0.6742,POSITIVE
OLX Kazakhstan,kz.slando,07c50148-2bc0-4122-9315-24dfba0fdb48,Muslim,5,отлично,0,,2026-04-14,POSITIVE,0.4666,POSITIVE
OLX Kazakhstan,kz.slando,49a3454c-d37d-46ac-99cf-906a6c9788da,Венера,5,Очень хорошее приложение,0,5.143.4,2026-04-14,POSITIVE,0.6954,POSITIVE
OLX Kazakhstan,kz.slando,b6c18d10-9c0e-4523-a691-bb3d8b153dc7,_ЕВГЕНИЙ_,1,"Отвратительно, деньги за объявление вернули не все, и благодаря моим нескольким попыткам испарились 3100тг. Не скажу что сумма большая, но осадок остался. Если возвращать деньги, то я думаю лучше возвращать их в полном объеме. деньги дважды не возвращались за услугу ""дополнительное премиум размещение"" 1550тг деньги вернули только за такие услуги как: 1. набор платных услуг ""быстрая продажа"" 2. набор платных услуг ""лёгкий старт""",4,5.143.4,2026-04-14,NEGATIVE,0.6523,NEGATIVE
OLX Kazakhstan,kz.slando,ec833cff-ca40-45a2-84c2-59e58aa8e420,NoLimit LTD,1,"Приложение, за объявления в котором надо не только платить, но оно еще умудряется обманывать. Шлак.",1,5.143.4,2026-04-14,NEGATIVE,0.3817,NEGATIVE
OLX Kazakhstan,kz.slando,d5c70624-c267-4fb6-976b-845f4e65ea92,Пользователь Google,5,класына кагда можеш купить чтото по низу рынка,0,5.143.4,2026-04-14,POSITIVE,0.3311,POSITIVE
OLX Kazakhstan,kz.slando,b657319a-a726-49bf-b52d-51395c956cc5,Laura Ubisheva,3,не могу зайти в свой аккаунт. программа зависает,0,,2026-04-14,NEGATIVE,0.4281,NEUTRAL
OLX Kazakhstan,kz.slando,9b1d76e5-1463-40ec-942e-6427870dcc24,Максат Мубарак,5,Круто,0,5.143.4,2026-04-14,NEGATIVE,0.4584,POSITIVE
OLX Kazakhstan,kz.slando,49398228-e923-4116-a166-1f2b8dfbd113,Baqytzhan Aitzhanov,5,klass,0,5.143.4,2026-04-14,POSITIVE,0.4365,POSITIVE
OLX Kazakhstan,kz.slando,371a8408-2318-4456-89a0-755b3ea6bc75,Nas G,1,"не могу зайти в профиль,что случилось?",0,5.143.4,2026-04-14,NEGATIVE,0.3987,NEGATIVE
OLX Kazakhstan,kz.slando,59ed1140-d1b8-4dee-802e-1754eff8ad74,Айдар Бухарбаев,5,отлично,0,5.143.4,2026-04-14,POSITIVE,0.4666,POSITIVE
OLX Kazakhstan,kz.slando,29e435b2-de53-4107-a67a-652c2d3ce3a8,Евгений Z,1,"наплыв ботов лютейший,только выложил объявление и сразу штук десять ботов в личку долбят. А еще нет ни какой верификации продавцов,очень много перекупов,с по 5/6 аккаунтов у одного человека.",3,5.143.4,2026-04-13,NEGATIVE,0.7351,NEGATIVE
OLX Kazakhstan,kz.slando,daccc473-54d5-4381-8384-c3226f8260d8,Dauren Urkinbaew,1,Самое плохая компания этот olx Не загружается быстро они просто тупо тормозят вобщем я не доволен 😠,0,,2026-04-13,NEGATIVE,0.8607,NEGATIVE
OLX Kazakhstan,kz.slando,d171dcdf-2c26-4d58-b4fd-8ebb9b4f0357,Антон,5,мне нравится,0,5.143.4,2026-04-13,NEUTRAL,0.346,POSITIVE
OLX Kazakhstan,kz.slando,1c3fb38d-b777-48e2-961d-f9916a21a042,Nikita Baginskjy,5,приложение очень удобное для продажи товаров всем рекомендую,0,5.143.4,2026-04-13,POSITIVE,0.5552,POSITIVE
OLX Kazakhstan,kz.slando,c2fb974b-1c20-4d42-b897-cfed3f527434,Zenbyte,1,"Почему я должен платить за объявления которые я уже убрал? Я их удалил, но лимит на объявления все равно есть, и удалить аккаунт не могу почему то",0,5.143.4,2026-04-13,NEGATIVE,0.6345,NEGATIVE
OLX Kazakhstan,kz.slando,b3400b06-267f-493c-ac91-ad54bd7f1e23,Asem Alipbekova,1,не грузит раздел работа через поиск,0,5.143.4,2026-04-13,NEUTRAL,0.2776,NEGATIVE
OLX Kazakhstan,kz.slando,4753b2ad-4454-4e47-8929-b82c3a84b091,Игорь Визитиу,5,Очень прекрасное приложение.,0,5.143.4,2026-04-13,POSITIVE,0.7378,POSITIVE
OLX Kazakhstan,kz.slando,8e7a6c80-e03c-47d8-9c29-0f3dd16abe02,aman bekbasov,5,очень классный приложение и это бесплатно,0,5.143.4,2026-04-13,POSITIVE,0.6472,POSITIVE
OLX Kazakhstan,kz.slando,ebddb17f-0e4e-40b4-a9b4-3e478f285d71,Жадыра Намазбаева,5,Класное приложение👍🏻👍🏻👍🏻,0,5.143.4,2026-04-13,POSITIVE,0.3704,POSITIVE
OLX Kazakhstan,kz.slando,4e3d6395-a346-4e71-9c33-18e0b85c4ceb,Бадриддин Ваккасов,5,отлично,0,5.143.4,2026-04-13,POSITIVE,0.4666,POSITIVE
OLX Kazakhstan,kz.slando,7475aa13-d311-4ae6-821c-7c2b3de62d76,Мультики,5,Молодцы,0,5.143.3,2026-04-13,POSITIVE,0.3006,POSITIVE
OLX Kazakhstan,kz.slando,0c8d9e7c-4dda-4324-bfbe-d214b42b4de0,Надежда Волошина,5,всё хорошо,0,,2026-04-12,POSITIVE,0.6742,POSITIVE
OLX Kazakhstan,kz.slando,dac47391-b349-4129-ae4c-f341981ceebb,Bauka,5,норм для обменов но в уштобе мало телефоны,0,5.143.4,2026-04-12,NEUTRAL,0.4306,POSITIVE
OLX Kazakhstan,kz.slando,b34e5454-9be3-415a-b788-578669608504,Гульназ Амиржанова,5,спасибо,0,5.143.4,2026-04-12,POSITIVE,0.4892,POSITIVE
OLX Kazakhstan,kz.slando,96c7bd0d-8345-4ce9-869f-14838cc935a0,aziz,4,"Приложение хорошее, удобно тем кто хочет купить что-то б/у-шное. Можно искать нужные товары и смотреть на описание узнавая физическое состояние товара. Минус в том, что в приложении есть немало мошенников, но к счастью можно договорится встретится и там уже купить вживую.",0,,2026-04-12,POSITIVE,0.5687,POSITIVE
OLX Kazakhstan,kz.slando,deaaa83a-4d1c-4be9-a293-9722e8798629,pvl pvl,4,В последнее время ОЛХ теряет свои качества. Оценку снизил пока на один балл.,0,5.143.4,2026-04-12,NEGATIVE,0.3971,POSITIVE
OLX Kazakhstan,kz.slando,f0bdab63-6a05-416b-8dc1-f93acd59d73a,Абу Закария,1,нашар екен реклама салсан анау салуға болмайды мынау салуға болмайды деп қанды ішті.,0,,2026-04-12,NEGATIVE,0.4267,NEGATIVE
OLX Kazakhstan,kz.slando,7e4a46c3-2d72-440a-83a2-343ddf967fce,София,5,очень кр,0,5.143.4,2026-04-12,NEGATIVE,0.3187,POSITIVE
OLX Kazakhstan,kz.slando,df654369-9350-4e46-b3bb-18287474c9d8,Azamat,5,красный👍,0,5.143.4,2026-04-12,POSITIVE,0.3086,POSITIVE
OLX Kazakhstan,kz.slando,282d4120-18a8-4e45-9441-5290d842b55a,Арман Арман,5,тамаша барлыгын табуга болады,0,5.143.4,2026-04-12,POSITIVE,0.3326,POSITIVE
OLX Kazakhstan,kz.slando,55621612-b140-42c2-ae6f-0d40fc7330d2,Бобер Электро,1,Поганое приложение. Связи со службой поддержки нет. Им на всех пофиг.,0,5.143.4,2026-04-12,NEUTRAL,0.3589,NEGATIVE
OLX Kazakhstan,kz.slando,4eae76ab-c4e8-40a7-9764-118d34d22235,Хасан Хасан,5,удобное приложение ....,0,5.143.4,2026-04-12,POSITIVE,0.5463,POSITIVE
OLX Kazakhstan,kz.slando,669768cf-ed22-4275-b091-22cf2b56941b,Еркебулан Муханов,5,"зор зор, қоймаған нес оцените оцените деп.",0,5.143.4,2026-04-12,POSITIVE,0.3131,POSITIVE
OLX Kazakhstan,kz.slando,e2c723c4-727e-4b25-bb29-49477cedeaf3,Ринат Жапров,5,хорошее предложение ещё ватцап туда установить вапще кайф будет,0,5.143.4,2026-04-11,POSITIVE,0.5659,POSITIVE
OLX Kazakhstan,kz.slando,5bfa158b-0ab1-41d2-972e-45164a8a9565,Seric,5,отлично,0,,2026-04-11,POSITIVE,0.4666,POSITIVE
OLX Kazakhstan,kz.slando,cd6c6456-376b-40e0-a3f0-6e9dbf61f5a8,Төрехан қажы Сейілханұлы Əлжан,4,Көп рақмет,0,5.143.4,2026-04-11,POSITIVE,0.3003,POSITIVE
OLX Kazakhstan,kz.slando,06cf5c3b-7a12-4e4e-9a5d-3594633254a6,Никита Назаров,5,👍,0,5.143.3,2026-04-11,POSITIVE,0.3086,POSITIVE
OLX Kazakhstan,kz.slando,deffe8e3-3b08-4ebd-89bf-c151f3fdfd45,Багдагуль Zhubanalieva,5,круто,0,5.143.4,2026-04-11,NEGATIVE,0.4584,POSITIVE
OLX Kazakhstan,kz.slando,296b6bdd-896d-4628-bec2-5446df82a8df,Александр Бондаренко,5,хорошо.,0,,2026-04-11,POSITIVE,0.5207,POSITIVE
OLX Kazakhstan,kz.slando,d591da0e-3769-4caa-b0d4-29c803d826e0,Вячеслав Колесников,5,супер приложения,0,5.143.4,2026-04-11,POSITIVE,0.312,POSITIVE
OLX Kazakhstan,kz.slando,b1c9ec2b-a56a-44ef-aaa2-c2f8515eeab7,Ромиш Рашидов,5,супер предложение,0,5.142.3,2026-04-11,POSITIVE,0.2963,POSITIVE
OLX Kazakhstan,kz.slando,4f1ac337-6f95-4706-aa39-978388efdd67,Акаунт Google,2,Сам сайт крутой а приложение не стабильно на Android 15 вылетает белый экран и вылет пожалуйста почините ошибку и поставлю 5 звезд всем добра,0,,2026-04-11,NEGATIVE,0.7111,NEGATIVE
OLX Kazakhstan,kz.slando,4bb2fb55-7e6a-4bdb-bfd0-0835c31d698a,Марк Думитреску,1,меня обманули мошенники 3 раза уже блин ну невозможно,0,5.143.4,2026-04-10,NEGATIVE,0.6312,NEGATIVE
OLX Kazakhstan,kz.slando,1d12d03d-ec50-4f45-8767-8b81fd14141b,Saha,5,супер,0,5.143.4,2026-04-10,POSITIVE,0.3735,POSITIVE
OLX Kazakhstan,kz.slando,6318d106-4509-4245-aa45-89a1192ae8f0,Aizhan,5,найдешь что нужно,0,,2026-04-10,POSITIVE,0.3817,POSITIVE
OLX Kazakhstan,kz.slando,7ea4be71-7f96-4f1b-983b-4cacf0269ad0,Дима KZ,1,Обманули 3 раза самое плохое приложение верните деньги.,0,5.143.4,2026-04-10,NEGATIVE,0.9087,NEGATIVE
OLX Kazakhstan,kz.slando,7f1d11cb-d27d-4c2d-8e08-11ccdc0f3fc7,Санат Муканов,5,отличное приложение,0,5.143.3,2026-04-10,POSITIVE,0.6283,POSITIVE
OLX Kazakhstan,kz.slando,d7698760-e94f-4137-8e09-ff7ea21e45f5,Александр Драгун,5,Всё здорово.Спасибо Вам.,0,5.143.4,2026-04-10,POSITIVE,0.7419,POSITIVE
OLX Kazakhstan,kz.slando,cf506c26-3a5e-4a81-bb91-15f30398ca4b,Qwerty Qeertyuip,5,круто,0,5.143.4,2026-04-10,NEGATIVE,0.4584,POSITIVE
OLX Kazakhstan,kz.slando,9dad2c2d-4756-4221-8b20-e7e52502113a,Николай Филатов,4,сделайте привязку к гугл картам,0,5.143.4,2026-04-10,POSITIVE,0.4375,POSITIVE
OLX Kazakhstan,kz.slando,22fb7093-2e59-4cb0-a124-5f62ef12f69f,Solo Dred,1,мне списали деньги со счета простой так!!! разберитесь!!!,6,5.143.3,2026-04-10,NEGATIVE,0.5205,NEGATIVE
OLX Kazakhstan,kz.slando,f80f3a3c-e409-4e6d-82fd-88cb6266524b,Mister Man,5,Давайте мириться?,0,5.143.4,2026-04-09,NEGATIVE,0.4013,POSITIVE
OLX Kazakhstan,kz.slando,40bf0da5-7390-4a3a-b144-e01a8bb81472,Әлшер Телғараев,5,"бұл бағдарлама өте күшті ,ең зоры",0,5.143.4,2026-04-09,POSITIVE,0.6571,POSITIVE
OLX Kazakhstan,kz.slando,4c630343-1579-448d-a7f8-ad778fa857e2,Димаш Аманжол,1,"там,не дорогую?",0,,2026-04-09,NEGATIVE,0.3794,NEGATIVE
OLX Kazakhstan,kz.slando,6f4e55b4-3448-4dc4-aec4-f32e036b35f2,Александр,5,хорошее приложение можно найти всё и по цене которая вас устроит,0,5.143.4,2026-04-09,POSITIVE,0.5897,POSITIVE
OLX Kazakhstan,kz.slando,eb34dd4e-31c8-4878-83d4-68f7ad74edcc,Sofi Shaposhnik,5,отличное приложение,0,5.143.4,2026-04-09,POSITIVE,0.6283,POSITIVE
OLX Kazakhstan,kz.slando,2e537b4c-8dc1-477a-a332-32e485f40e5d,руслан валуев,1,"тупо мошенники оплатил обьявления 3 шт хотел выставить администратор отклонил по мелкой причине, теперь че делаю, отредактировать нельзя только удалить, а после удаления снова подать не могу говорят заново платить, а оплаченные средства не вернули вот и все, связи нету ни с кем и деньги тупо на ветер улетели",1,5.143.4,2026-04-09,NEGATIVE,0.9172,NEGATIVE
OLX Kazakhstan,kz.slando,88fa3e89-c7ad-4cfb-88a6-5b5341123945,Anvar,1,"Что с вашим сайтом, вечно виснет лайки исчезают вместе с просмотрами. Вообще до ужаса до обновлялись, такое сайт убили, весь гонит глючит. Вы хоть понимаете какой рейтинг у вас стал, что вас уже не ценят. Уберите хотя бы функцию, когда выставляешь не сколько объявлений на одной рубрики, без ограничений. Вы достигли определенного количество в этой рубрике,но ведь из за ваших ошибок. Ладно поднятие объявлений платное,понятное дело. Быстрее бы уже вас кто нибудь заменил, чтоб удалить с радостью.",2,5.143.4,2026-04-09,NEGATIVE,0.7378,NEGATIVE
OLX Kazakhstan,kz.slando,f9062020-ef05-4de8-8c5c-ecf4e8ecfcb6,Фёдор,5,афигено,0,5.143.3,2026-04-09,NEUTRAL,0.2562,POSITIVE
OLX Kazakhstan,kz.slando,9337f85e-28dd-4a88-8605-feffc1f5d244,Nuraly.adelya,5,🤝👍,0,5.143.3,2026-04-09,POSITIVE,0.3086,POSITIVE
OLX Kazakhstan,kz.slando,5c00aa42-0f81-431c-9785-d656c542ff08,Сергей оортпран,5,Өте керемет!,0,5.143.4,2026-04-09,POSITIVE,0.7655,POSITIVE
OLX Kazakhstan,kz.slando,d764dfbe-beb0-4762-8218-732942d039e8,Ергали Айхожаев,5,хорошо 👍,0,5.143.4,2026-04-09,POSITIVE,0.5787,POSITIVE
OLX Kazakhstan,kz.slando,1604ef70-837a-4aa4-86d0-4d576090a30f,Друая Фамилия,2,В приложений меня просят включить файлы куки хотя я их включил что делать?,0,5.143.3,2026-04-09,NEUTRAL,0.284,NEGATIVE
OLX Kazakhstan,kz.slando,58f09dda-d3e3-4b8a-ab70-d663029e19c4,Margo Margo,5,интересное приложение,0,,2026-04-09,POSITIVE,0.4966,POSITIVE
OLX Kazakhstan,kz.slando,ed8e3833-9059-4f28-be3a-0d54a9090022,Айтжан Расулов,5,"жақсы,маған көмегі көп тиеді",0,5.143.4,2026-04-09,POSITIVE,0.4638,POSITIVE
OLX Kazakhstan,kz.slando,a0af3c61-51fd-4b41-b48a-4cc20f537324,Mukhammed Tursynbai,4,Браво,0,5.142.3,2026-04-08,POSITIVE,0.5041,POSITIVE
OLX Kazakhstan,kz.slando,a5062c0b-35da-42f0-8d15-be4754fb9db3,Валера Зинков,1,"снимают деньги за объявление. само объявление не выходит, отклоняют.",0,5.143.4,2026-04-08,NEGATIVE,0.8327,NEGATIVE
OLX Kazakhstan,kz.slando,3db516d9-aad5-4173-8588-30daf4690689,логист логика,1,Когда убираешь из закладок вас кидает в начало списка закладок окна или как будет правильнее. Потом надо ещё тратить время. Как всегда это не моя а ваша проблема пока есть Каспий. Берите пример у них и колеса КЗ они сразу реагируют на мой комментарий,6,5.143.4,2026-04-08,NEGATIVE,0.4086,NEGATIVE
OLX Kazakhstan,kz.slando,552c9ca5-a5fd-434e-8097-67a4c00fa19a,Нн Нн,5,огонь приложение,0,5.143.3,2026-04-08,POSITIVE,0.2516,POSITIVE
OLX Kazakhstan,kz.slando,4c9ee89e-5866-4d75-a86c-24197a0faa55,Ivan,5,отличное приложение для покупки мотоциклов😁😁,0,5.143.4,2026-04-08,POSITIVE,0.5743,POSITIVE
OLX Kazakhstan,kz.slando,a2e223ee-12ed-4cab-bcea-15303cac44a4,Сандугаш,5,приложение удобное для бизнеса и продажи,0,5.143.3,2026-04-08,POSITIVE,0.5174,POSITIVE
OLX Kazakhstan,kz.slando,d779819b-1e87-4bdb-8372-348c4df33a3b,Азамат Жоламанов,5,супер,0,5.143.3,2026-04-08,POSITIVE,0.3735,POSITIVE
OLX Kazakhstan,kz.slando,accb8337-b1fb-4bd0-8ecd-42662c1876ea,Клубника,5,пушка бомба петардаа,0,,2026-04-08,NEUTRAL,0.2917,POSITIVE
OLX Kazakhstan,kz.slando,179d8e97-c61d-49f9-8f6d-a65960da5963,Dilnaz Panda,5,класс,0,5.143.3,2026-04-07,POSITIVE,0.4262,POSITIVE
OLX Kazakhstan,kz.slando,b8148de4-4fa8-4594-8b5b-7ad573349117,Абдуллатиф Нишантаев,5,отлична,0,5.143.3,2026-04-07,POSITIVE,0.4928,POSITIVE
OLX Kazakhstan,kz.slando,c38a578c-e845-4150-ac4b-547b8529d84d,Олеся Калашникова,5,"отличное приложение, все для народа",0,5.143.3,2026-04-07,POSITIVE,0.6309,POSITIVE
OLX Kazakhstan,kz.slando,3a54da9e-ef7e-489b-a56e-c9767a3ab7b3,Сага сага,5,крута,0,5.143.3,2026-04-07,NEGATIVE,0.4326,POSITIVE
OLX Kazakhstan,kz.slando,fcb56f9f-3635-4891-a641-c58db3835f03,DaRk RenDikS,5,"все нравится, можно найти нужные товары",0,,2026-04-07,POSITIVE,0.281,POSITIVE
OLX Kazakhstan,kz.slando,db6d7867-0037-4d40-af19-b318545e3677,Sergey han,5,Другой такой популярной у нас в Казахстане нет,0,5.143.3,2026-04-07,NEGATIVE,0.2323,POSITIVE
OLX Kazakhstan,kz.slando,21296e10-2db7-4572-a26d-b0235a795d0c,Юджин,5,Удобно,0,5.143.3,2026-04-07,POSITIVE,0.4993,POSITIVE
OLX Kazakhstan,kz.slando,16262f6f-be02-42fd-8588-0dfec61f5b9d,Адал Жақсы,3,Онша емес,0,5.143.3,2026-04-07,NEGATIVE,0.3129,NEUTRAL
kn.kz,io.cordova.knkz,2d00c195-24af-41ff-88f7-6cc8e6e71adb,Вячеслав Пирин,5,Актуальная площадка для рекламы недвижимости,0,1.0.15,2025-08-07,POSITIVE,0.4785,POSITIVE
kn.kz,io.cordova.knkz,292297af-8b4d-4767-9f74-335f9202805a,Фёдор Баночкин,5,Это же лучшее приложение по поиску и продаже недвижимости в Казахстане!,0,1.0.15,2025-08-07,POSITIVE,0.8283,POSITIVE
kn.kz,io.cordova.knkz,641c9cb8-31af-4696-bd0b-c6cef59f81e7,Наталья Костенко,5,"Очень удобное приложение, появились видео обзоры. Удобный интерфейс .",0,1.0.15,2025-08-07,POSITIVE,0.6726,POSITIVE
kn.kz,io.cordova.knkz,e7bd8269-ad0f-4b16-9483-eb3c27460b64,Алма Альбатырова,5,"отличное приложение. удобное в использовании. впервые вижу, что можно посмотреть видеообзор на квартиру. так же интересно узнать отзывы на риелторов и понимать с кем работаешь. рекомендую.",0,,2025-08-07,POSITIVE,0.5506,POSITIVE
kn.kz,io.cordova.knkz,09f10745-3eb6-4bff-9e89-15490f4e9d2c,Гаэль Мак,5,"отличное приложение по поиску квартир. нашла квартиру в Караганде, и там ещё можно посмотреть видео обзоры такая функция мало где есть",0,1.0.15,2025-08-07,POSITIVE,0.5402,POSITIVE
kn.kz,io.cordova.knkz,41854d6a-7420-4de6-b03d-d30eb66a3f1f,Тияна Тарасова,5,"частенько смотрю тут квартиры, приложение очень удобное все чётко и понятно",0,1.0.15,2025-08-07,POSITIVE,0.516,POSITIVE
kn.kz,io.cordova.knkz,ecf2772d-0a62-4e35-af12-9098d786fb83,Arch,5,Удобное приложение. Даже мой батя разобрался что к чему.,0,1.0.15,2025-08-04,POSITIVE,0.5237,POSITIVE
kn.kz,io.cordova.knkz,28ecd70f-e464-45e6-8e26-e387ec05c31d,Серик Асмаков,5,отлично! все быстро и удобно,0,,2025-08-04,POSITIVE,0.6928,POSITIVE
kn.kz,io.cordova.knkz,00724fef-77cc-4ee4-bc04-405d5cf26bee,Vitaliy Pchelintsev,5,Благодаря приложению мои совершеннолетние дети нашли себе жилье и наконец то оставили меня в покое! 5 звезд! РазработчикИ молодцы!,0,1.0.15,2025-07-21,POSITIVE,0.9794,POSITIVE
kn.kz,io.cordova.knkz,a819dc83-a129-44cf-9712-66fc16fdcaa1,katrin 27.97,5,"Нашла квартиру через это приложение — всё просто и удобно. Быстро разобралася, ничего лишнего, всё по делу. Объявлений много, фильтры работают хорошо. Понравилось, что можно сразу писать владельцам и не ждать долго. В итоге нашла вариант за пару дней. Советую, реально помогает сэкономить время.",2,1.0.15,2025-07-21,POSITIVE,0.746,POSITIVE
kn.kz,io.cordova.knkz,a9e586b7-8cb1-42f2-88bb-0bc8fbea9744,Ramziya Kadyrova,5,"Очень классное приложение! С его помощью быстро нашла квартиру, которая мне подошла. Всё удобно — можно выбрать район, цену, сколько комнат и другое. Объявления свежие, много фото, легко связаться с хозяином. Интерфейс простой, ничего лишнего. Мне понравилось, советую всем, кто ищет жильё.",8,1.0.15,2025-07-21,POSITIVE,0.7995,POSITIVE
kn.kz,io.cordova.knkz,b9ad28db-e527-47ff-84d7-24d90beefe37,Сабина Айтжанова,5,"Хорошая компания, риелтора не продают под видом хозяина а помогают в продаже, все реально, нет повторов, не обман, рекомендую.",0,1.0.15,2025-07-21,POSITIVE,0.6043,POSITIVE
kn.kz,io.cordova.knkz,482bbf6d-d876-448f-a358-3f64623a639f,Анастасия Шеллер,5,"Хорошее приложение, объявления от реальных продавцов.",0,1.0.15,2025-07-21,POSITIVE,0.5186,POSITIVE
kn.kz,io.cordova.knkz,a6d6350e-ec10-4e04-978e-c4f2a04297fc,Doszhan balqash,5,"все работает хорошо, приложение очень удобное",0,1.0.15,2025-07-21,POSITIVE,0.6334,POSITIVE
kn.kz,io.cordova.knkz,46743bfe-ba89-4018-a083-1fae2d26a703,Александра Гаммершмидт,5,"Удобно, что можно отфильтровать от собственников и от риелторов отдельно. Много объявлений по квартирам в Караганде👍🏻",0,,2025-07-21,POSITIVE,0.4795,POSITIVE
kn.kz,io.cordova.knkz,e848be5c-64bd-48b5-bec5-b097d9932817,Марат Кусаинов,5,классное приложение. двигатель продаж,3,1.0.6,2025-07-16,POSITIVE,0.5173,POSITIVE
kn.kz,io.cordova.knkz,89de6236-ff33-4200-8a71-bdd4b17bb5f6,Rus “Ayaguz” Ruslanovich,5,отличное приложение! помогает купить и продать недвижимость.,4,1.0.6,2025-07-13,POSITIVE,0.8119,POSITIVE
kn.kz,io.cordova.knkz,30fb924e-9fc1-4b24-bb57-07916c8a4faf,Dina Latif,5,Отличное приложение! Очень удобно пользоваться!,4,1.0.6,2025-07-13,POSITIVE,0.772,POSITIVE
kn.kz,io.cordova.knkz,aa5902c4-7da1-4459-9a1d-fac0205f4aaa,Анатолиф Й,4,"хорошее приложение, удобное, все понятно, легко найти нужную квартиру",3,1.0.6,2025-07-13,POSITIVE,0.4842,POSITIVE
kn.kz,io.cordova.knkz,151106cc-ecfb-46fd-aced-b1137d5785a4,Alexandr S,5,"Отличная база объектов, постоянно обновляется. Особенно нравится, что есть подробные фильтры — можно задать почти любые параметры поиска.",6,1.0.6,2025-07-12,POSITIVE,0.6605,POSITIVE
kn.kz,io.cordova.knkz,06a58ca9-4921-4864-846f-dd4a6ea75e6e,Юлия Валерьевна,5,"Приложение понравилось, очень удобно, крупный шрифт, понятный интерфейс, удобные фильтры. Благодаря приложению удалось быстро найти квартиру👍👍👍",8,1.0.6,2025-07-12,POSITIVE,0.5038,POSITIVE
kn.kz,io.cordova.knkz,f854c06c-3aa3-4ea3-ba40-d46b4681b58a,hugh laurie,2,"очень недоработанное приложение. невозможно открыть объявления в городе, если в одном доме несколько объявлений, то показывается только цена. сайт с телефона также не открывается",0,1.0.6,2025-04-09,NEGATIVE,0.6546,NEGATIVE
kn.kz,io.cordova.knkz,696a2c01-7af4-400a-88dd-bc4104828bd8,Сабит Агажан,5,Очень аккуратный,5,1.0.6,2025-03-04,POSITIVE,0.5368,POSITIVE
kn.kz,io.cordova.knkz,2eda1df5-c66e-4379-9873-490f17072744,Сергей Рыбалко,3,"В строке что написано в объявлении вводишь слова, а поиск не изменяется, выходит весь список общий. Не реагирует на запрос",5,1.0.6,2025-03-03,NEGATIVE,0.3518,NEUTRAL
kn.kz,io.cordova.knkz,38a20fe1-c128-4650-b305-2b5dad73a822,Алёна,1,Невозможно создать объявление. У вас только гаража указаны . А поселок написать невозможно. Удаляю. Недаработаное приложение.,1,1.0.6,2024-12-23,NEGATIVE,0.8028,NEGATIVE
kn.kz,io.cordova.knkz,ef6297b0-ae1d-4e5e-8537-1dc37128b309,Lazzat Ulasbekovna Kulzhanova,5,Прекрасно,0,,2024-08-06,POSITIVE,0.4436,POSITIVE
kn.kz,io.cordova.knkz,0ebb09aa-717f-4fb5-8362-8af325664edb,White Lotus,1,"Че виснет-то все время? Руки кривые у ваших программистов, что ли???",0,,2024-07-31,NEGATIVE,0.4664,NEGATIVE
kn.kz,io.cordova.knkz,37eccfcd-1784-408c-ac72-9a43056768d0,Рашид Даулбаев,5,👍,0,,2024-03-05,POSITIVE,0.3086,POSITIVE
kn.kz,io.cordova.knkz,86728134-69d8-4d2d-a42e-a69ffd557a3e,Гульнар Большакенова,5,Не открывается.,0,1.0.4,2024-02-15,NEGATIVE,0.6036,POSITIVE
kn.kz,io.cordova.knkz,2a827663-60dd-400e-8b5f-0cc6c7e6124c,Хадиджа М.,3,Приложение не открывается никак на телефоне,2,1.0.4,2023-10-11,NEGATIVE,0.755,NEUTRAL
kn.kz,io.cordova.knkz,aa1036b5-0de4-49e9-8640-bff6d78835d0,Некто Нечто,3,Так и не пришло письмо с кодом для регистрации. Сделайте по номеру телефона!,1,1.0.2,2023-05-19,NEGATIVE,0.6352,NEUTRAL
kn.kz,io.cordova.knkz,067a75f9-1e43-4614-bf39-413df9fb2236,Дархан Зейнешов,1,Вообще ничего нету!!! - 1,1,,2023-04-18,NEGATIVE,0.7691,NEGATIVE
kn.kz,io.cordova.knkz,4259f185-f241-4b7f-b68f-992188b74c1c,Елена Борисова,1,"Не понравилось приложение, там одни агентство да риелторы",1,1.0.2,2022-08-21,NEGATIVE,0.4321,NEGATIVE
kn.kz,io.cordova.knkz,6c67fd30-0a87-42fc-a152-307db49ab30b,Aidos,1,"Это не приложение, это просто webview сайта. Жалко что нет альтернативы ""Крыше""",2,1.0.2,2022-05-03,NEGATIVE,0.6115,NEGATIVE
kn.kz,io.cordova.knkz,36744a4a-7d7b-4904-8848-9e395f1257ed,Томми,1,"Фильтры не работают , а это, на мой взгляд, главное в подобных приложениях",3,1.0.2,2022-03-30,NEGATIVE,0.4394,NEGATIVE
kn.kz,io.cordova.knkz,bc6f7b6e-fd80-49b7-8cc7-f35d51f433b4,Spargapiss Murzza,1,Очень печально,1,,2022-03-02,POSITIVE,0.4585,NEGATIVE
kn.kz,io.cordova.knkz,8a00394f-3f90-433a-b4e6-754ab80e9399,kulmuhamedov Erlan,1,Ни чего нет,4,,2021-09-19,NEGATIVE,0.5199,NEGATIVE
kn.kz,io.cordova.knkz,db7e6116-4160-4014-95e5-a8e8de308c5c,kaidar Erbolat,1,Отстой !!! Просто отстой.,5,,2021-07-23,NEGATIVE,0.84,NEGATIVE
kn.kz,io.cordova.knkz,945daf23-7033-4d68-a8cd-a2d4789dc8ea,Nurgul Mussatayeva,1,👎👎👎👎,5,1.0.1,2021-06-25,POSITIVE,0.3086,NEGATIVE
kn.kz,io.cordova.knkz,f8676b15-adcc-4d23-a8db-1a9d70410d81,Думан Карипжанов,4,Хорошее приложение для больших городов,2,,2021-04-29,POSITIVE,0.5038,POSITIVE
kn.kz,io.cordova.knkz,eafdfe8a-1aab-44e4-a95e-49d856f2a910,Kanat Олжабай,5,Как оценит өсли при Ложение не открывайеться не видел не знаю,4,1.0.1,2021-04-18,NEGATIVE,0.3359,POSITIVE
kn.kz,io.cordova.knkz,c1315705-4535-4757-a717-f2ed85f4ad82,Llll Ggg,1,"Ужасное приложение, сплош одни риэлторы, гадость и так весь город в риэлторах, а от хозяев здесь нет ни чего. 👎",23,1.0.1,2021-04-13,NEGATIVE,0.6569,NEGATIVE
kn.kz,io.cordova.knkz,c64bb18e-ebf0-4b50-8fe3-e9bf0dbe122d,Любовь Александровна Луганская,3,Не очень...,2,1.0.1,2021-04-02,NEGATIVE,0.4361,NEUTRAL
kn.kz,io.cordova.knkz,b90d3c4c-daef-4982-8a7a-a69d90e72a6f,Анастасия Мороз,1,"Очень неудобное приложение, делаешь одно нажатия назад выбрасывает полностью (((( к всему этому есть недочёты, доработайте приложение",39,1.0.1,2021-02-28,NEGATIVE,0.6893,NEGATIVE
kn.kz,io.cordova.knkz,30e4fd2f-f29e-4a48-a78e-7bebf91af799,Gods Löwe,5,"Продвинутый поиск, дешевле реклама",1,1.0.1,2021-02-04,NEUTRAL,0.3385,POSITIVE
kn.kz,io.cordova.knkz,52ecdb45-2059-452c-983c-0ef1134be140,Павел Боженюк,1,Не фига не работает тюфта удаляю,6,1.0.1,2020-12-12,NEGATIVE,0.7235,NEGATIVE
kn.kz,io.cordova.knkz,5cc1e7a6-96d4-4b31-bda6-7c19c3e6d284,Дария Калмагамбет,4,"Приложение хорошее только звездочки не сохраняются для выбраных квартир,когда снова заходишь в приложение",4,1.0.1,2020-12-03,NEUTRAL,0.4173,POSITIVE
kn.kz,io.cordova.knkz,d160b13c-d5bd-4497-b5a2-7e85bad41a48,VERSACE FF,1,Не работает. Фуууу,4,1.0.1,2020-10-09,NEGATIVE,0.8257,NEGATIVE
kn.kz,io.cordova.knkz,7ca57646-bbce-48ef-b462-da4edb016e02,Asdrhuu Assfg,2,"Сайт хороший, но не доработанный. При выходе из просмотренного объявления назад, список объявлений поднимается вверх на самое начало , а при входе постоянно нужно вводить город и бывает зависает .",45,1.0.1,2020-09-26,NEUTRAL,0.4158,NEGATIVE
kn.kz,io.cordova.knkz,ce3d1288-a604-43a5-ab78-8fbbe8c0388d,Лариса Круглова,5,"Очень удобно, можно быстро зайти, продлить или изменить объявление. Всё кратко и ясно!!! Отличное приложение!!!",12,1.0.1,2020-09-13,POSITIVE,0.7516,POSITIVE
kn.kz,io.cordova.knkz,af6c439c-265e-47d7-98f9-4deb8f2c0c7d,Гульнара Шарипова,5,"Отличное приложение, все понятно и легко!! Звонки на объявление стали поступать через 3 минуты!! Надеюсь быстро продам квартиру!!",15,1.0.1,2020-09-13,POSITIVE,0.7692,POSITIVE
kn.kz,io.cordova.knkz,ea8a1db1-c60f-45fd-8bba-276f6eeb4db9,Лариса,5,"Приложение работает отлично, все грузится быстро ,по заданный параметрам легко можно найти квартиру",6,1.0.1,2020-09-13,POSITIVE,0.4694,POSITIVE
kn.kz,io.cordova.knkz,3a21d39a-d40d-4ecc-9150-de064bea8d03,Kalipso Kalipso,5,"Отличное приложение! Можно легко подать объявление о продаже квартиры и после найти подходящий вариант. В приложении легко ориентироваться, все просто. Рекомендую!",29,1.0.1,2020-09-13,POSITIVE,0.6788,POSITIVE
kn.kz,io.cordova.knkz,b4d683af-7aeb-4bf2-a61d-18381af579cd,Кристина Юсупова,5,"Приложение отличное!Удобное в использовании!Позволяет отсеять ненужные варианты,благодаря параметрам поиска.Спасибо разработчикам!",8,1.0.1,2020-09-13,POSITIVE,0.6729,POSITIVE
